Jahr,Kalenderwoche,"07111 Koblenz, Kreisfreie Stadt",07131 Ahrweiler,07132 Altenkirchen (Westerwald),07133 Bad Kreuznach,07134 Birkenfeld,07135 Cochem-Zell,07137 Mayen-Koblenz,07138 Neuwied,07140 Rhein-Hunsrück-Kreis,07141 Rhein-Lahn-Kreis,07143 Westerwaldkreis,"07211 Trier, Kreisfreie Stadt",07231 Bernkastel-Wittlich,07232 Eifelkreis Bitburg-Prüm,07233 Vulkaneifel,07235 Trier-Saarburg,"07311 Frankenthal (Pfalz), Kreisfreie Stadt","07312 Kaiserslautern, Kreisfreie Stadt","07313 Landau in der Pfalz, Kreisfreie Stadt","07314 Ludwigshafen am Rhein, Kreisfreie Stadt","07315 Mainz, Kreisfreie Stadt","07316 Neustadt an der Weinstraße, Kreisfreie Stad","07317 Pirmasens, Kreisfreie Stadt","07318 Speyer, Kreisfreie Stadt","07319 Worms, Kreisfreie Stadt","07320 Zweibrücken, Kreisfreie Stadt",07331 Alzey-Worms,07332 Bad Dürkheim,07333 Donnersbergkreis,07334 Germersheim,"07335 Kaiserslautern, Landkreis",07336 Kusel,07337 Südliche Weinstraße,07338 Rhein-Pfalz-Kreis,07339 Mainz-Bingen,07340 Südwestpfalz
2014,KW 1,22,23,15,31,17,11,29,38,17,19,30,19,11,23,4,22,8,13,7,38,26,10,8,8,13,5,17,22,21,17,19,11,15,22,17,14
2014,KW 2,29,35,39,21,18,11,51,40,30,19,44,29,23,12,9,28,12,22,10,31,27,12,8,10,15,6,32,32,20,26,18,19,19,25,44,22
2014,KW 3,32,26,27,42,18,12,51,41,28,30,38,18,24,20,14,29,13,18,3,30,35,9,15,17,13,5,18,32,13,23,16,17,30,26,46,18
2014,KW 4,24,33,41,33,30,22,39,40,17,38,38,22,23,20,10,29,7,19,11,44,29,16,16,12,17,11,20,34,19,22,18,8,13,38,47,22
2014,KW 5,30,25,33,39,16,22,53,38,13,27,55,23,36,24,17,40,12,16,5,25,30,9,8,16,18,8,29,34,20,20,15,13,20,34,36,18
2014,KW 6,24,25,26,37,21,13,60,43,22,26,49,32,26,30,19,31,7,18,8,39,40,10,12,17,14,10,28,29,22,19,21,19,18,38,37,16
2014,KW 7,24,40,42,38,15,16,31,51,22,36,47,24,24,21,12,33,8,24,9,39,33,14,17,12,20,6,23,35,10,25,19,18,36,35,31,25
2014,KW 8,22,27,24,30,19,15,51,34,26,35,49,28,26,18,17,39,14,24,13,31,37,9,16,10,12,10,20,44,22,23,31,20,24,40,30,17
2014,KW 9,28,31,24,35,18,16,37,35,28,29,40,26,25,30,10,35,15,18,17,36,31,13,9,12,16,8,18,35,23,26,23,21,25,37,33,25
2014,KW 10,23,27,39,31,20,20,64,39,25,32,46,21,38,25,17,34,8,21,10,40,33,12,11,11,21,3,24,25,20,18,28,15,25,35,40,22
2014,KW 11,28,39,20,34,19,18,46,31,25,30,47,29,19,32,10,22,11,29,10,37,44,13,17,11,8,7,24,27,14,22,31,18,21,27,34,24
2014,KW 12,23,31,32,44,31,20,47,47,28,39,49,20,27,23,14,25,13,26,10,28,36,10,11,10,17,7,24,26,28,25,28,23,19,21,35,27
2014,KW 13,28,31,29,39,17,14,56,37,34,23,35,15,18,19,16,19,10,18,6,45,33,10,14,10,24,7,25,26,20,16,29,30,21,31,28,22
2014,KW 14,27,32,38,34,20,22,33,36,28,38,49,24,24,18,10,22,17,23,12,28,30,12,18,9,13,9,20,26,11,25,31,18,20,28,50,26
2014,KW 15,25,23,25,24,15,15,50,41,32,36,46,20,22,14,15,32,8,19,6,36,32,5,11,17,19,8,29,32,17,17,31,16,20,24,38,31
2014,KW 16,24,27,27,41,21,16,46,43,21,38,36,15,22,27,13,33,6,23,8,20,33,6,8,11,21,10,17,22,24,22,16,16,21,30,41,19
2014,KW 17,26,37,34,29,27,12,54,44,28,35,43,17,22,9,18,17,11,18,8,22,25,9,10,2,17,5,23,22,16,14,31,14,19,32,42,22
2014,KW 18,31,28,29,35,21,9,45,40,21,39,44,13,28,18,20,24,16,23,8,25,30,16,13,10,17,7,29,22,19,20,23,22,23,32,36,24
2014,KW 19,25,19,37,41,30,12,45,42,22,25,40,17,25,18,14,23,9,21,6,28,31,12,10,10,19,6,21,26,19,20,23,20,20,22,40,26
2014,KW 20,19,29,31,33,16,15,49,31,18,32,31,19,19,22,14,36,13,27,6,27,34,12,14,11,17,6,25,31,18,15,13,13,24,36,41,24
2014,KW 21,25,32,30,35,20,14,48,50,22,33,34,24,23,27,17,28,9,19,4,28,36,16,11,12,19,6,28,25,12,25,14,10,27,30,43,36
2014,KW 22,27,33,23,32,23,21,37,34,26,22,37,29,19,17,8,30,6,16,10,21,19,15,8,11,21,8,21,26,16,25,24,18,15,30,38,19
2014,KW 23,30,27,28,42,23,13,36,44,28,35,31,25,27,17,17,22,10,19,9,27,32,6,14,13,17,8,16,30,15,20,14,11,30,23,36,20
2014,KW 24,28,31,27,35,20,8,34,35,20,28,42,15,17,12,15,34,7,28,6,22,27,19,11,8,16,16,26,31,14,20,22,20,24,42,35,18
2014,KW 25,22,31,22,25,17,19,38,47,20,19,36,23,25,13,10,15,10,24,9,24,26,12,10,11,18,6,28,35,9,17,21,11,21,28,28,31
2014,KW 26,23,20,22,31,22,15,47,33,19,27,37,26,21,30,17,29,12,20,9,32,27,9,14,10,18,11,27,23,13,21,17,21,17,32,36,14
2014,KW 27,37,30,17,39,22,18,46,50,28,21,45,20,20,12,7,27,14,21,13,27,37,11,17,15,11,17,24,18,7,23,20,9,23,37,39,18
2014,KW 28,22,26,23,32,29,13,44,39,20,30,40,26,16,21,9,37,8,16,4,31,42,13,17,10,11,9,31,24,21,17,15,14,16,18,32,14
2014,KW 29,27,21,31,47,29,17,39,40,22,33,38,17,18,25,11,30,13,18,5,39,46,10,14,12,22,5,25,15,19,28,20,13,24,32,36,24
2014,KW 30,30,26,38,31,20,18,43,31,14,26,42,17,32,22,12,24,8,22,8,15,29,10,16,11,19,2,27,21,22,22,27,23,19,26,28,26
2014,KW 31,17,36,26,21,16,16,44,40,23,27,47,27,23,23,18,34,18,23,4,39,39,18,9,7,18,4,25,23,25,18,22,21,25,21,25,16
2014,KW 32,20,25,35,40,20,12,42,49,25,27,38,14,26,16,18,27,8,23,7,26,34,11,9,3,15,9,24,21,24,22,18,13,18,17,42,16
2014,KW 33,19,19,18,36,21,12,41,36,26,17,44,24,28,20,15,17,13,22,4,26,37,17,9,12,13,8,22,35,18,14,26,15,29,26,33,17
2014,KW 34,21,26,21,36,13,18,35,49,17,33,47,24,15,18,13,21,8,28,15,30,24,11,10,7,14,7,23,27,7,24,24,17,21,37,35,23
2014,KW 35,20,30,23,31,15,16,44,40,22,30,27,12,22,24,7,28,10,26,8,41,28,12,14,10,14,8,17,24,17,24,23,13,10,28,36,31
2014,KW 36,21,28,26,33,20,16,37,52,22,32,43,24,21,19,15,29,12,22,12,31,34,10,10,12,17,6,27,26,16,18,19,21,24,30,36,24
2014,KW 37,28,23,28,37,14,10,36,39,11,20,32,15,17,19,12,31,5,25,10,29,34,8,9,9,20,4,22,30,23,12,18,11,26,26,29,14
2014,KW 38,20,30,24,28,23,19,38,54,24,28,45,18,18,17,15,29,12,21,10,27,31,16,12,8,12,10,13,27,21,22,12,19,22,25,29,20
2014,KW 39,24,24,29,27,25,12,34,52,16,37,29,24,14,20,15,23,6,12,14,24,29,11,15,7,20,12,19,22,15,16,10,22,31,19,42,28
2014,KW 40,34,34,32,32,21,15,35,43,16,27,32,19,37,14,15,26,11,22,6,42,38,11,12,7,19,9,17,28,20,19,21,15,18,32,34,16
2014,KW 41,20,25,27,31,26,12,32,43,25,24,39,16,22,18,13,39,18,15,13,31,34,11,6,8,14,6,24,25,19,21,19,9,24,28,33,19
2014,KW 42,23,34,30,40,15,15,51,49,25,30,31,26,18,17,15,32,12,26,4,27,31,13,21,10,13,10,37,26,24,21,23,11,22,27,32,20
2014,KW 43,25,26,37,27,17,16,61,51,24,26,47,21,28,25,13,26,7,18,8,33,40,4,8,14,14,13,21,32,25,30,18,23,16,30,35,20
2014,KW 44,32,25,28,25,21,21,51,50,20,28,37,16,22,35,16,24,7,32,9,35,29,4,13,13,16,7,19,31,18,22,17,19,21,31,46,19
2014,KW 45,23,37,37,30,20,14,49,34,25,19,33,25,17,25,11,36,13,23,9,31,39,16,12,11,20,15,21,33,16,35,21,21,17,34,33,27
2014,KW 46,20,32,22,32,26,24,48,36,31,40,38,15,22,20,19,33,14,19,7,25,34,9,14,11,13,6,17,29,18,23,23,14,21,30,41,28
2014,KW 47,15,31,32,38,13,18,48,50,27,28,46,21,23,16,13,20,7,20,4,23,33,19,20,12,16,4,26,24,18,24,16,16,33,34,32,27
2014,KW 48,25,39,32,35,26,19,54,42,31,29,50,22,23,28,15,34,15,19,6,40,37,10,10,14,16,12,32,32,17,27,21,20,22,27,34,18
2014,KW 49,25,31,36,31,20,14,36,48,24,24,55,17,23,20,24,25,12,23,11,31,34,8,8,12,20,13,22,42,10,45,30,16,26,34,37,28
2014,KW 50,28,42,32,37,33,16,50,35,25,39,48,26,19,24,17,30,14,26,9,33,45,13,16,8,21,12,22,30,19,25,20,15,27,34,27,22
2014,KW 51,34,32,30,32,27,24,59,44,30,40,50,32,23,24,13,25,11,22,10,38,36,18,12,10,16,10,33,41,14,18,17,18,13,29,40,23
2014,KW 52,32,30,43,42,23,15,60,38,24,29,33,23,33,29,20,30,10,23,12,27,39,14,6,9,22,10,17,34,15,26,24,19,16,27,30,17
2014,KW 1 2015 (Dezember 2014),9,10,15,12,11,7,20,14,6,10,25,15,11,10,5,8,3,11,6,16,13,9,7,13,8,7,9,17,8,6,7,8,12,15,10,17
2015,KW 1,15,18,17,25,13,8,27,18,13,19,18,15,17,16,11,14,6,10,5,17,17,7,7,1,11,2,19,14,8,17,14,9,14,14,19,12
2015,KW 2,18,25,40,39,19,16,41,65,22,28,54,20,22,24,21,37,10,37,19,41,46,13,12,14,24,14,27,38,23,20,17,21,17,38,35,29
2015,KW 3,30,30,37,44,26,13,53,47,31,29,61,21,26,20,13,28,10,23,11,39,35,10,18,17,15,8,28,38,22,36,22,13,36,34,39,33
2015,KW 4,25,30,40,33,37,19,40,40,35,30,59,19,26,22,20,37,9,26,6,32,41,11,11,23,10,7,30,38,22,35,28,19,27,43,55,36
2015,KW 5,29,34,34,53,23,12,57,45,28,22,66,33,23,21,18,35,23,26,10,39,43,13,11,21,17,9,42,42,26,25,41,26,22,44,45,29
2015,KW 6,34,46,45,49,28,18,55,45,36,39,47,24,31,23,19,38,13,31,12,48,43,12,14,18,17,14,30,52,27,24,34,21,31,43,52,17
2015,KW 7,53,39,43,39,35,22,57,57,28,31,53,34,37,26,26,36,10,37,14,44,43,22,19,14,25,8,29,42,27,31,34,28,28,43,58,26
2015,KW 8,42,46,34,46,39,21,54,45,39,40,63,31,37,27,21,43,13,37,15,46,50,21,12,17,33,11,36,44,23,40,41,25,33,39,55,40
2015,KW 9,24,43,40,51,30,29,66,71,33,44,72,33,38,34,24,30,15,33,11,41,49,21,15,15,36,15,30,29,17,21,40,27,31,44,43,34
2015,KW 10,32,53,27,41,30,18,65,57,31,37,58,19,23,27,29,39,19,27,10,33,50,19,19,13,22,6,32,46,23,33,33,16,33,42,39,26
2015,KW 11,31,41,31,49,21,26,56,69,38,44,68,32,35,28,25,31,11,39,17,39,36,10,13,15,24,8,44,28,24,26,35,23,24,33,46,34
2015,KW 12,35,38,32,36,30,22,55,58,32,31,47,20,23,23,16,36,15,31,6,37,39,18,22,12,14,7,21,29,20,29,26,12,30,41,51,33
2015,KW 13,18,39,41,45,28,10,50,41,26,31,45,13,29,34,17,35,16,24,11,34,44,16,11,8,19,2,27,40,13,25,19,15,30,27,43,28
2015,KW 14,27,26,38,31,33,19,35,42,25,32,60,19,28,20,15,37,11,18,9,30,31,11,7,10,18,14,26,37,21,26,21,25,24,43,47,25
2015,KW 15,21,29,30,37,18,19,35,55,22,23,41,24,18,22,10,30,13,25,11,35,41,10,7,18,17,11,24,32,20,27,22,14,25,32,57,27
2015,KW 16,33,37,34,29,25,21,46,31,26,37,36,17,30,23,17,32,3,11,7,41,36,13,9,10,19,2,27,34,16,22,26,16,31,35,29,23
2015,KW 17,23,24,26,38,23,20,54,26,27,34,48,15,31,22,12,30,11,22,11,33,31,15,8,5,23,10,23,30,21,24,20,22,18,41,56,27
2015,KW 18,27,32,23,27,23,11,45,40,11,28,48,21,22,21,21,42,16,14,10,22,31,11,11,10,19,6,17,26,16,19,21,19,27,31,37,15
2015,KW 19,37,25,24,30,18,18,40,38,21,17,30,13,32,22,20,28,8,28,13,32,25,14,18,8,15,10,26,28,14,15,20,18,27,35,27,18
2015,KW 20,28,31,21,30,18,21,42,29,25,35,44,24,23,17,16,33,10,16,6,19,21,6,12,13,10,9,20,25,17,19,17,16,15,27,33,15
2015,KW 21,20,24,26,38,24,16,41,37,17,30,43,25,24,20,16,23,6,20,12,26,29,10,17,16,18,6,27,23,21,16,29,21,28,26,27,24
2015,KW 22,20,35,26,26,12,19,46,42,26,32,36,11,20,23,16,28,7,19,7,34,39,20,13,12,14,9,25,31,20,30,20,25,20,25,38,17
2015,KW 23,22,23,31,38,17,14,52,45,21,28,37,35,32,21,15,25,8,16,8,32,39,19,15,5,12,5,26,20,19,23,19,11,23,28,34,18
2015,KW 24,18,26,28,32,25,15,49,44,18,23,30,24,16,18,14,31,8,18,4,42,22,9,8,11,11,5,23,35,16,13,22,17,26,26,31,15
2015,KW 25,19,29,19,27,19,16,39,29,19,29,33,22,25,24,10,32,6,20,10,30,35,8,15,10,20,6,12,24,24,22,12,18,18,26,35,20
2015,KW 26,22,22,32,32,24,12,33,41,11,26,25,22,31,20,19,38,10,11,7,28,31,15,20,7,21,10,18,28,13,19,26,17,20,25,45,14
2015,KW 27,27,43,38,41,16,16,55,30,28,27,56,37,28,24,15,34,8,22,8,42,51,13,11,15,14,10,30,41,22,34,31,15,28,41,58,27
2015,KW 28,33,30,27,39,18,6,31,26,17,31,46,23,34,34,12,33,18,27,12,36,59,11,7,10,23,8,32,50,23,29,22,29,37,39,41,28
2015,KW 29,24,26,37,32,18,15,28,35,21,33,48,20,24,20,16,37,7,21,9,30,33,9,11,12,20,6,23,43,14,18,20,24,20,26,38,24
2015,KW 30,33,25,20,46,14,9,48,36,27,27,42,29,27,8,13,21,6,20,13,20,31,15,14,14,17,5,23,26,18,22,26,17,14,34,44,23
2015,KW 31,27,34,26,32,22,15,42,36,18,32,44,18,27,31,7,28,8,15,7,32,31,10,5,9,22,4,25,29,24,19,17,9,22,27,39,20
2015,KW 32,29,30,31,39,13,15,33,35,29,32,38,18,23,22,16,26,7,20,12,32,36,12,13,5,20,8,21,32,13,23,21,16,15,18,46,26
2015,KW 33,20,28,27,46,15,11,34,36,24,21,38,14,24,26,8,21,4,14,13,42,36,12,9,8,15,8,23,26,13,24,21,17,27,25,42,14
2015,KW 34,23,25,27,26,20,11,30,35,21,26,33,28,19,21,10,23,8,28,10,31,29,8,8,3,21,9,29,24,18,22,17,14,23,26,27,16
2015,KW 35,30,27,33,42,27,12,45,36,21,28,48,17,18,17,14,25,7,17,4,35,27,10,12,8,9,11,28,24,19,19,18,15,25,31,26,16
2015,KW 36,15,32,19,36,18,15,33,47,25,15,38,16,24,26,13,20,9,18,10,38,32,13,9,7,16,6,37,24,15,19,15,19,29,35,36,18
2015,KW 37,18,22,38,53,23,24,43,41,19,31,42,19,18,18,18,29,19,17,6,30,30,14,15,19,13,5,17,21,16,25,29,28,19,41,32,13
2015,KW 38,22,27,29,41,28,8,41,40,21,35,44,13,24,14,11,30,11,16,7,33,29,4,14,6,10,12,25,37,19,27,19,9,23,27,26,18
2015,KW 39,18,37,23,28,31,16,42,33,24,26,32,17,19,20,14,34,6,22,5,32,29,10,6,10,12,8,22,26,17,27,18,16,19,27,29,22
2015,KW 40,25,25,30,34,22,11,41,43,32,38,38,22,26,18,11,18,22,18,16,27,42,9,11,9,8,6,26,27,19,21,23,15,27,36,32,21
2015,KW 41,24,22,31,30,19,23,41,36,29,27,36,15,27,21,16,34,12,23,6,22,38,8,9,10,9,5,23,31,13,23,21,20,17,26,35,23
2015,KW 42,30,28,32,30,30,19,41,33,15,37,39,22,19,15,17,27,11,22,10,37,24,9,11,11,16,11,25,35,16,18,19,14,22,21,35,18
2015,KW 43,20,22,21,37,18,11,37,33,24,25,52,15,24,32,15,21,16,20,4,37,26,12,13,13,19,7,21,35,11,24,18,14,20,29,32,14
2015,KW 44,15,27,31,36,25,15,50,49,25,18,51,19,19,20,16,35,8,15,9,38,34,12,17,11,18,13,30,33,18,25,21,14,19,29,36,19
2015,KW 45,19,31,30,32,20,9,41,39,20,31,30,28,26,31,9,35,6,18,10,29,45,13,14,14,33,7,16,27,12,14,22,19,23,26,33,22
2015,KW 46,23,36,33,36,15,24,41,46,19,26,29,18,27,26,12,26,18,13,6,33,30,9,4,6,14,11,20,32,17,25,23,15,17,32,34,19
2015,KW 47,17,33,34,39,31,9,46,36,35,35,43,16,30,14,21,27,11,18,9,40,37,14,6,9,18,3,23,22,13,22,20,23,21,19,37,15
2015,KW 48,15,17,34,26,25,18,48,41,28,26,37,22,26,18,15,27,11,30,5,40,34,15,8,10,19,3,21,30,16,15,29,20,11,34,34,18
2015,KW 49,25,28,26,37,22,19,38,38,19,19,49,27,25,16,9,26,14,20,8,37,34,11,12,8,16,9,21,26,17,30,27,17,22,29,50,22
2015,KW 50,29,29,27,40,22,15,38,41,25,19,28,24,32,19,16,26,12,10,9,42,31,14,12,10,13,13,19,21,18,27,26,13,17,33,40,25
2015,KW 51,21,34,33,30,17,16,43,42,17,33,40,18,27,22,13,39,13,26,11,32,43,15,16,15,16,6,25,30,21,34,18,19,25,27,43,27
2015,KW 52,19,24,31,34,20,13,34,37,25,30,51,24,20,14,16,31,13,23,8,38,43,13,19,9,20,4,21,26,16,30,29,24,20,29,38,19
2015,KW 53,14,18,13,25,13,12,24,21,14,23,17,7,14,11,9,11,7,3,5,10,14,4,4,4,7,6,8,18,14,10,14,12,13,22,18,7
2016,KW 53 2015 (Januar 2016),12,15,8,24,6,2,19,18,10,15,22,10,19,7,9,14,8,7,3,13,22,6,8,7,12,2,6,17,7,8,10,5,6,10,17,15
2016,KW 1,27,37,25,32,23,18,44,53,21,28,49,21,27,16,17,25,8,22,2,35,47,15,11,10,17,11,27,26,23,26,20,14,34,31,42,22
2016,KW 2,26,22,43,47,33,13,52,38,22,37,39,22,33,19,12,34,11,20,11,28,33,7,16,15,18,11,28,40,13,26,24,19,23,26,33,17
2016,KW 3,24,40,32,38,21,24,57,42,28,22,43,20,21,20,18,31,9,22,12,30,32,12,16,16,13,10,37,31,13,20,25,28,28,30,30,29
2016,KW 4,29,26,29,29,24,11,52,44,25,17,45,33,27,20,22,26,11,25,8,42,31,15,11,11,14,9,24,40,15,24,17,16,18,48,46,29
2016,KW 5,23,31,30,45,26,19,46,45,21,33,54,22,25,34,19,28,12,27,8,33,46,10,14,13,15,4,22,29,22,25,12,12,27,34,43,27
2016,KW 6,24,35,43,41,21,19,50,54,24,31,45,20,26,20,14,32,13,19,7,35,39,10,15,9,21,7,17,30,16,19,18,11,34,29,25,26
2016,KW 7,29,35,29,42,25,24,44,54,20,23,41,30,23,19,19,33,9,26,14,38,29,11,16,19,12,18,18,31,21,19,22,24,20,30,52,29
2016,KW 8,31,28,38,35,38,17,36,52,30,33,59,18,31,26,21,34,11,20,10,41,33,13,12,11,17,5,16,36,18,25,30,20,23,29,37,20
2016,KW 9,23,44,27,37,22,16,62,45,22,41,52,20,22,27,22,25,15,26,14,42,41,15,16,19,14,6,35,39,18,28,23,20,35,36,42,22
2016,KW 10,27,36,32,33,19,9,55,53,27,32,45,20,24,25,13,38,16,24,9,28,45,13,11,16,12,11,25,33,12,26,37,13,20,30,57,27
2016,KW 11,37,47,27,42,20,21,53,53,23,37,47,28,28,25,16,32,9,31,7,34,28,10,19,11,17,5,25,53,19,35,15,22,21,32,35,35
2016,KW 12,30,24,33,42,15,18,51,56,35,34,50,24,32,18,14,27,6,24,8,26,36,10,16,9,10,11,28,39,19,24,24,16,23,22,36,24
2016,KW 13,33,31,34,50,23,19,61,38,26,31,48,35,23,17,16,24,14,26,10,32,48,13,14,7,20,3,23,33,15,27,21,21,29,37,31,28
2016,KW 14,27,36,33,50,20,18,46,48,23,36,42,27,27,18,15,37,10,20,12,32,48,18,14,17,20,4,24,33,13,23,36,21,21,27,39,33
2016,KW 15,30,37,35,37,23,20,39,31,23,30,49,18,21,23,23,32,10,14,10,36,31,22,13,16,20,8,27,30,22,27,20,19,30,30,31,23
2016,KW 16,23,30,31,40,18,16,39,42,20,26,43,21,11,26,17,31,11,21,9,29,34,11,13,13,13,8,20,19,11,23,19,24,24,27,27,28
2016,KW 17,24,22,23,41,22,13,52,37,33,34,39,34,24,26,17,30,14,22,8,22,28,14,18,8,12,11,21,26,22,31,16,16,12,17,40,26
2016,KW 18,19,29,24,34,11,11,54,35,21,29,44,18,32,25,21,34,11,16,12,29,48,20,12,10,16,9,17,29,15,23,23,12,23,25,33,20
2016,KW 19,23,27,26,39,20,16,48,38,28,20,40,26,28,24,10,35,19,23,9,30,35,9,10,16,19,11,30,35,16,29,18,19,24,31,48,19
2016,KW 20,26,35,34,37,15,19,39,35,28,32,37,21,27,18,18,25,8,22,12,44,28,9,11,14,22,7,26,21,20,22,26,23,11,17,31,25
2016,KW 21,25,38,32,29,23,19,43,43,15,29,30,19,27,21,21,27,14,24,15,33,28,16,5,8,31,7,16,37,16,21,22,10,23,31,39,16
2016,KW 22,27,37,35,32,27,18,35,32,31,25,37,18,21,18,12,29,10,15,6,29,28,9,9,10,13,8,20,31,20,21,20,16,27,33,33,26
2016,KW 23,24,28,30,30,27,16,40,32,19,31,42,26,23,8,15,26,7,23,10,33,33,16,10,14,20,3,22,35,12,22,21,19,16,22,27,16
2016,KW 24,26,31,30,29,12,10,51,42,21,29,40,14,19,20,21,28,7,16,6,32,28,12,11,9,16,11,22,27,19,22,13,15,21,22,35,31
2016,KW 25,26,25,28,35,29,17,32,45,14,25,39,23,20,15,13,33,12,21,10,37,39,10,13,13,22,3,20,31,12,21,18,21,22,30,38,24
2016,KW 26,22,24,34,35,16,11,48,39,14,25,37,17,30,19,8,21,14,15,6,30,23,6,15,8,15,10,34,20,14,18,23,18,16,33,23,18
2016,KW 27,26,31,31,31,20,18,51,44,25,26,43,17,18,25,20,22,8,21,7,40,30,9,10,10,16,8,17,31,11,22,19,21,22,30,47,24
2016,KW 28,23,30,28,38,26,16,47,34,28,29,34,21,19,24,17,31,12,14,10,36,35,10,17,10,13,9,24,22,18,18,27,13,17,32,34,30
2016,KW 29,31,34,23,34,26,11,43,27,30,21,41,18,20,18,18,27,16,26,9,39,33,10,9,13,23,6,31,37,19,24,13,20,20,41,35,20
2016,KW 30,18,39,32,33,25,18,41,38,15,28,35,18,23,14,15,26,12,18,8,30,31,18,10,12,13,7,19,30,16,19,25,16,24,21,39,19
2016,KW 31,17,34,26,39,28,15,44,50,14,22,44,30,22,17,22,23,6,14,9,38,23,11,12,6,11,8,19,24,14,14,18,13,24,19,26,29
2016,KW 32,17,33,28,23,19,11,35,45,22,38,40,19,18,21,14,27,8,21,10,32,32,8,14,9,18,6,25,29,5,18,18,11,17,29,37,19
2016,KW 33,19,21,30,37,27,22,33,39,20,28,33,16,28,18,13,31,6,22,7,27,27,12,13,10,15,4,23,36,18,18,20,15,23,22,37,22
2016,KW 34,25,31,38,39,23,21,46,42,20,31,55,18,18,26,17,34,11,25,14,36,32,8,8,10,16,8,25,27,19,28,17,10,19,31,29,24
2016,KW 35,26,33,23,30,17,14,36,43,15,30,38,15,22,19,16,22,10,23,6,24,33,18,7,11,14,16,25,24,19,19,21,12,20,27,34,19
2016,KW 36,23,25,29,46,19,10,43,35,31,27,42,14,29,24,9,24,18,17,9,34,28,5,20,8,15,5,18,23,11,23,8,19,26,37,37,19
2016,KW 37,22,28,24,35,27,8,40,41,19,27,39,14,19,16,15,28,10,30,4,33,27,17,12,9,17,7,18,35,20,23,27,9,22,36,37,19
2016,KW 38,23,40,19,36,23,15,43,35,23,31,50,19,27,15,10,20,14,17,2,37,31,7,13,7,15,3,20,29,16,15,21,11,22,19,28,18
2016,KW 39,24,33,27,37,16,21,47,42,26,31,38,23,19,13,19,26,9,18,5,28,25,10,8,17,14,9,26,40,19,23,26,19,22,19,39,17
2016,KW 40,28,23,39,30,28,16,47,47,23,27,38,21,30,20,16,24,15,25,8,27,37,7,12,7,14,11,32,23,18,25,18,12,20,25,36,26
2016,KW 41,30,24,19,33,24,17,65,47,22,33,44,25,18,19,17,27,10,26,9,39,41,9,14,16,27,8,28,28,15,21,26,19,24,21,31,41
2016,KW 42,26,28,27,36,22,17,43,50,33,30,40,22,21,25,12,49,11,21,8,30,28,12,10,11,17,6,18,23,14,30,23,13,24,37,36,24
2016,KW 43,29,29,28,36,22,18,43,57,26,26,56,30,31,10,17,34,16,16,8,36,46,12,16,9,15,10,21,26,15,23,24,19,25,32,40,19
2016,KW 44,19,29,23,23,23,15,46,35,28,33,46,21,23,19,10,38,11,18,5,30,25,11,19,14,19,11,20,25,20,22,21,13,25,34,36,17
2016,KW 45,25,25,26,30,25,16,56,38,22,28,53,19,26,13,12,32,14,25,10,34,37,6,9,24,16,9,20,38,17,24,18,10,23,36,41,37
2016,KW 46,21,33,33,25,24,14,45,46,24,30,39,13,25,25,10,24,13,31,11,34,37,17,14,11,17,13,36,35,22,26,13,26,16,40,34,19
2016,KW 47,35,25,28,40,29,19,50,36,32,39,47,18,24,12,17,27,9,25,15,28,37,16,12,12,16,8,19,34,17,17,22,17,21,42,48,35
2016,KW 48,19,24,33,27,19,27,47,40,23,25,40,24,16,23,19,40,8,24,9,39,33,11,8,14,8,10,26,30,12,21,25,18,31,30,39,19
2016,KW 49,20,40,29,40,23,15,53,50,16,40,54,25,16,24,13,37,12,29,10,26,34,13,16,9,20,9,22,26,19,25,20,17,28,40,39,32
2016,KW 50,25,27,25,46,17,16,52,46,17,35,34,29,27,17,16,30,18,23,11,45,30,18,19,11,18,12,27,23,25,34,24,14,25,30,46,25
2016,KW 51,17,35,22,36,13,19,51,38,24,34,51,28,20,24,16,36,13,17,7,40,37,10,16,10,26,7,16,31,15,28,36,19,19,35,38,28
2016,KW 52,28,34,21,36,26,11,40,43,12,37,37,19,22,17,13,25,8,20,17,38,35,11,9,10,13,3,24,23,17,32,22,23,27,40,43,17
2017,KW 52 2016 (Januar 2017),6,9,5,8,1,1,9,5,5,5,7,2,6,3,3,4,1,NA,1,4,9,NA,NA,2,1,NA,3,5,2,3,6,3,6,4,10,5
2017,KW 1,21,37,32,41,29,20,49,65,26,26,52,26,38,30,16,34,13,28,8,38,44,12,12,11,19,11,18,38,18,40,38,25,25,37,54,24
2017,KW 2,29,41,33,47,28,12,69,48,25,38,59,16,37,33,16,46,15,19,8,48,37,14,13,17,21,10,31,44,21,19,21,26,34,46,44,24
2017,KW 3,26,26,27,40,24,29,56,56,33,34,53,33,31,37,14,35,14,17,13,46,43,14,23,13,23,6,34,40,25,24,26,20,31,47,57,18
2017,KW 4,29,35,32,46,23,15,59,40,28,22,54,19,34,20,13,37,19,22,15,44,41,19,18,10,19,6,41,40,17,33,24,35,25,36,39,33
2017,KW 5,29,40,58,49,26,16,72,68,35,50,59,35,35,25,23,33,14,29,18,42,53,22,20,17,23,13,35,49,28,20,30,29,34,45,48,26
2017,KW 6,33,43,39,48,25,25,72,54,29,50,64,32,29,31,25,30,13,25,16,44,38,14,21,21,14,13,35,37,25,42,30,21,36,44,48,31
2017,KW 7,36,28,40,44,30,20,71,49,22,42,71,32,28,20,18,39,16,27,14,50,43,10,21,12,22,9,30,38,19,21,31,18,28,46,42,27
2017,KW 8,32,34,54,46,28,19,62,55,27,45,66,33,26,25,13,39,18,23,13,52,47,15,27,15,33,13,28,44,16,23,30,16,32,26,47,26
2017,KW 9,35,45,25,48,28,26,60,41,28,31,52,26,24,28,17,37,15,20,12,38,44,12,22,8,22,4,41,36,15,15,25,23,28,30,42,24
2017,KW 10,34,45,32,30,26,22,47,46,32,24,50,25,31,23,22,31,13,24,8,29,39,11,12,7,21,6,30,35,22,25,22,13,26,33,31,21
2017,KW 11,32,42,27,35,23,12,55,35,22,28,45,16,27,17,16,37,8,32,8,45,50,15,16,13,21,8,31,33,13,24,28,13,25,39,34,22
2017,KW 12,34,42,44,42,26,12,38,34,26,28,42,22,27,24,16,30,9,26,7,32,40,7,15,18,23,17,30,36,10,23,20,18,17,33,45,23
2017,KW 13,30,43,25,36,21,15,44,42,24,33,51,13,34,13,14,26,14,22,8,36,37,13,11,14,20,8,32,25,23,31,30,16,27,29,38,20
2017,KW 14,21,34,25,38,24,14,44,51,29,27,50,23,21,25,14,32,11,18,10,32,36,11,16,20,23,6,21,25,17,24,26,22,29,25,38,23
2017,KW 15,27,28,36,29,20,17,46,29,18,35,42,22,22,22,17,32,6,20,12,38,36,10,8,15,19,5,27,24,15,22,24,13,31,37,51,24
2017,KW 16,22,27,25,33,15,25,51,47,23,28,43,16,23,25,18,22,7,22,13,29,30,8,14,16,13,9,29,19,20,25,20,14,27,39,32,29
2017,KW 17,30,39,19,30,27,17,33,50,34,19,36,19,24,18,16,23,13,24,5,31,36,12,16,15,20,6,32,40,18,20,25,14,21,33,40,21
2017,KW 18,28,36,38,37,15,14,44,42,32,28,32,22,26,30,14,35,12,22,10,37,29,8,13,8,23,7,36,23,11,25,18,17,22,28,31,23
2017,KW 19,24,31,34,49,28,14,41,39,27,36,47,16,37,22,7,27,12,16,8,30,35,13,14,10,20,15,31,35,13,19,19,18,23,31,42,21
2017,KW 20,19,29,38,25,26,21,47,37,26,28,42,27,24,16,15,18,4,20,7,34,50,11,9,9,18,10,22,27,15,21,25,16,33,25,38,24
2017,KW 21,21,18,30,45,25,17,51,39,30,26,43,21,26,26,15,25,10,22,13,37,38,9,13,17,16,12,20,21,11,21,19,17,28,27,38,25
2017,KW 22,26,32,32,51,18,16,39,52,19,30,43,24,22,22,16,35,7,24,11,42,46,5,11,23,15,9,31,30,15,21,19,9,22,33,23,21
2017,KW 23,24,26,30,30,14,15,48,33,23,22,47,20,18,23,12,23,8,14,6,22,40,9,18,10,13,6,14,30,15,20,21,15,23,27,30,18
2017,KW 24,21,32,21,29,16,12,46,45,22,28,46,23,26,25,25,21,12,18,9,26,30,19,3,16,12,7,33,27,18,13,24,12,22,26,31,19
2017,KW 25,25,33,34,46,20,15,43,41,23,33,45,23,22,24,13,28,13,30,8,36,26,11,13,11,17,9,18,38,10,24,26,12,28,37,30,30
2017,KW 26,21,29,27,30,23,17,50,39,18,33,51,16,16,21,10,32,12,20,7,39,24,15,14,10,10,12,25,28,18,25,24,18,17,22,41,19
2017,KW 27,27,37,33,30,26,22,43,39,22,30,44,21,20,18,16,25,11,15,11,36,32,13,9,12,19,7,26,29,21,25,19,17,28,36,43,24
2017,KW 28,30,25,20,31,17,17,45,42,24,22,29,12,21,25,10,31,12,16,5,34,40,12,12,11,18,9,20,25,13,27,20,11,20,33,34,32
2017,KW 29,22,35,29,37,22,19,48,44,23,25,42,28,30,16,16,26,17,32,16,44,37,19,11,15,18,8,37,26,11,25,17,11,18,25,32,28
2017,KW 30,26,25,22,34,25,13,45,44,15,26,44,24,30,17,19,33,10,13,6,32,27,13,10,8,12,8,23,29,16,13,15,14,20,33,41,15
2017,KW 31,27,31,23,38,22,15,38,25,36,29,30,20,26,16,13,25,10,27,11,39,41,16,11,13,13,4,25,34,16,22,28,24,18,27,40,24
2017,KW 32,19,20,18,24,17,11,41,32,18,22,41,13,22,13,12,20,5,23,10,27,40,10,10,7,15,9,28,30,11,19,19,16,17,24,33,19
2017,KW 33,19,23,35,44,26,11,46,35,20,18,44,15,15,15,17,20,11,19,7,40,35,12,7,14,18,7,18,19,11,29,20,6,16,39,34,23
2017,KW 34,26,23,31,28,22,17,33,41,17,30,50,22,26,14,19,34,10,24,11,38,28,11,10,8,13,7,27,31,15,20,21,8,20,33,32,18
2017,KW 35,23,21,27,31,17,17,46,43,24,24,38,16,17,18,10,36,15,24,14,25,42,8,13,16,8,8,17,24,14,13,23,13,25,18,35,20
2017,KW 36,17,39,24,40,23,12,44,40,18,28,44,22,22,23,14,29,14,25,4,26,34,18,15,13,21,7,25,13,15,19,20,18,22,30,33,23
2017,KW 37,22,29,21,39,12,13,35,31,19,24,32,22,23,15,14,22,8,18,4,33,26,10,5,7,22,7,28,25,17,31,21,16,12,27,47,27
2017,KW 38,21,34,24,37,14,14,45,29,24,29,36,16,23,21,13,32,9,18,14,31,37,11,16,13,17,9,27,32,22,28,18,15,20,33,36,20
2017,KW 39,21,30,22,30,15,19,31,49,22,39,44,16,30,24,12,30,7,20,11,41,40,15,8,11,15,6,19,27,24,25,17,12,30,26,43,26
2017,KW 40,15,24,28,36,20,8,35,45,22,20,39,26,24,9,7,29,8,30,12,29,39,10,7,11,18,4,30,37,15,33,20,20,16,26,34,23
2017,KW 41,17,40,31,32,22,20,46,52,28,23,27,19,30,21,16,28,17,15,6,43,27,17,13,11,33,10,28,29,17,20,27,16,21,33,30,21
2017,KW 42,12,21,26,34,26,18,41,43,32,25,32,21,36,22,19,27,5,28,7,42,30,11,9,10,25,10,17,28,22,22,26,27,18,27,33,19
2017,KW 43,19,27,35,39,27,11,44,35,22,33,38,19,27,18,16,24,9,23,5,23,32,18,9,12,20,8,24,22,18,35,24,17,26,35,36,21
2017,KW 44,28,33,31,24,27,10,44,48,26,25,48,22,27,21,9,22,12,19,9,29,38,8,12,13,20,9,24,34,20,24,21,20,21,20,45,16
2017,KW 45,25,32,29,43,22,15,35,35,25,35,37,18,28,25,15,35,12,33,3,30,39,15,14,14,15,13,23,32,18,25,28,17,25,29,46,18
2017,KW 46,21,47,40,43,26,16,48,33,25,28,49,24,23,15,12,38,8,20,13,32,39,12,10,10,14,2,20,35,15,20,19,16,20,32,35,19
2017,KW 47,13,29,39,43,28,14,36,33,26,28,43,26,20,21,21,30,8,30,11,34,35,15,13,12,15,10,23,34,20,25,26,18,23,29,43,26
2017,KW 48,30,28,27,31,24,20,43,44,32,38,41,30,19,24,17,33,11,27,2,34,36,12,7,13,14,10,27,35,18,22,23,16,28,34,37,32
2017,KW 49,25,26,39,43,14,26,44,55,26,35,48,29,30,15,17,28,14,21,7,36,28,17,18,9,12,12,27,32,16,21,25,25,28,41,34,26
2017,KW 50,28,31,31,38,21,14,49,42,28,30,40,25,28,18,16,29,7,20,9,43,29,12,10,18,27,8,33,40,14,25,19,17,28,32,43,31
2017,KW 51,40,37,22,33,26,15,48,47,27,29,46,18,26,25,20,30,11,29,16,41,39,20,12,12,12,9,17,27,20,14,19,17,20,42,31,19
2017,KW 52,24,29,29,37,22,10,56,46,24,38,49,20,23,19,13,25,16,28,11,44,46,13,12,14,22,11,25,30,10,25,27,27,19,36,37,28
2018,KW 1,23,37,39,47,21,16,54,44,24,40,51,29,24,28,24,22,10,23,6,36,42,15,14,9,19,6,37,24,25,20,22,18,26,30,44,23
2018,KW 2,26,40,30,49,28,18,50,39,26,26,47,21,28,17,16,24,16,29,11,33,45,5,14,17,25,2,30,43,10,33,22,21,20,45,31,22
2018,KW 3,29,37,34,46,16,9,36,48,19,32,45,20,29,18,16,21,14,21,7,34,37,11,11,12,23,12,28,25,17,34,21,15,24,23,47,19
2018,KW 4,26,30,30,38,34,13,42,38,29,24,53,14,32,28,19,40,12,15,8,39,39,13,14,9,21,7,32,30,20,23,23,14,21,33,27,34
2018,KW 5,31,22,21,41,25,17,56,47,20,35,52,24,24,22,14,39,12,23,8,34,31,9,15,8,19,8,26,35,20,26,29,12,32,39,52,26
2018,KW 6,30,31,36,28,26,20,49,46,25,28,45,24,27,17,11,23,7,29,8,30,42,5,8,14,16,12,17,38,9,27,33,24,24,38,51,25
2018,KW 7,28,28,37,36,32,20,45,44,29,42,59,13,28,30,30,37,10,39,12,29,46,21,25,17,19,15,32,42,15,33,36,21,28,44,48,32
2018,KW 8,47,45,39,58,41,19,51,69,36,33,58,26,38,29,19,45,14,22,11,57,50,15,20,20,21,13,32,33,23,34,25,25,24,32,49,29
2018,KW 9,42,44,42,53,28,29,82,69,29,52,54,37,58,33,28,33,11,38,13,47,46,18,20,14,27,12,42,43,30,42,43,23,30,46,39,33
2018,KW 10,46,57,50,53,32,28,63,81,38,42,62,41,45,34,19,53,21,46,11,49,47,29,24,21,29,14,34,35,28,44,46,36,27,32,65,30
2018,KW 11,40,50,40,48,43,25,42,72,31,47,58,25,46,38,27,47,12,22,11,39,46,20,21,18,22,15,29,37,21,30,34,23,33,44,64,36
2018,KW 12,31,47,35,45,35,22,50,47,32,32,50,29,38,28,15,54,13,36,15,44,55,13,17,5,27,9,34,51,13,27,34,24,31,45,46,34
2018,KW 13,29,30,39,45,24,16,46,41,22,41,53,30,40,24,21,40,7,25,9,40,34,10,17,13,18,10,36,41,18,33,32,17,34,30,35,20
2018,KW 14,29,35,27,35,25,13,56,46,31,41,58,25,28,20,18,33,18,22,12,29,31,22,13,15,21,15,27,29,23,24,16,26,25,30,37,22
2018,KW 15,24,33,34,46,18,17,43,49,22,25,50,19,30,28,18,31,8,37,11,46,43,19,12,16,15,9,34,36,13,28,24,19,33,26,40,28
2018,KW 16,29,34,27,35,32,15,33,38,33,36,41,28,26,17,16,25,14,20,13,39,36,19,6,16,15,10,35,35,13,28,25,20,28,31,30,21
2018,KW 17,19,27,36,31,26,9,51,43,20,23,45,19,29,25,14,28,7,25,14,29,37,9,8,10,16,9,25,25,20,22,23,13,25,28,34,21
2018,KW 18,22,19,30,24,23,22,45,36,26,25,37,22,20,32,15,23,11,16,2,41,41,9,6,16,13,5,17,28,20,26,27,19,25,23,39,23
2018,KW 19,26,29,24,41,34,13,48,51,22,26,57,20,26,34,24,31,18,24,9,31,29,11,14,11,18,9,24,32,10,21,20,21,21,26,24,21
2018,KW 20,24,17,39,46,20,15,48,30,17,33,30,15,26,18,23,38,13,18,7,22,36,10,9,3,24,7,23,35,12,21,19,15,16,34,40,17
2018,KW 21,26,23,22,24,18,18,39,49,21,22,32,17,18,19,20,33,8,23,8,29,41,14,20,14,18,7,22,25,20,23,25,16,27,31,36,24
2018,KW 22,33,29,34,36,18,11,42,46,21,17,49,14,22,18,14,21,17,17,7,47,32,14,11,10,21,9,23,34,14,24,28,25,25,31,30,19
2018,KW 23,16,23,27,32,20,14,50,45,21,38,40,20,21,15,14,35,7,17,11,37,32,16,6,7,15,6,27,31,13,27,24,17,18,16,38,31
2018,KW 24,24,24,36,44,16,14,32,37,29,28,47,22,30,18,12,24,11,14,9,36,41,9,7,6,23,11,22,20,16,25,18,17,21,28,35,21
2018,KW 25,19,34,24,31,13,17,42,36,17,29,41,17,24,13,13,18,8,21,13,29,23,16,10,21,17,8,19,34,17,26,28,19,19,28,38,29
2018,KW 26,26,36,27,33,24,11,40,40,16,32,35,17,31,25,12,36,23,23,11,43,39,18,15,7,25,4,20,20,24,26,16,25,28,33,43,26
2018,KW 27,24,22,35,23,18,12,37,38,27,24,45,22,19,20,10,28,12,19,7,43,22,8,10,16,14,7,18,36,20,23,27,14,32,42,37,19
2018,KW 28,25,23,31,46,20,15,44,32,20,17,37,27,20,18,8,30,4,15,6,28,38,15,13,7,17,12,27,12,18,26,23,15,21,42,32,24
2018,KW 29,31,32,28,37,20,12,52,31,36,27,32,22,27,23,15,29,12,24,5,37,35,11,12,5,13,14,16,31,20,19,24,25,16,19,46,15
2018,KW 30,33,23,24,43,31,18,46,45,21,23,44,30,27,20,18,40,9,23,8,33,40,14,11,13,20,17,22,38,22,40,23,20,36,28,33,24
2018,KW 31,31,37,38,24,31,16,58,41,20,26,40,28,23,21,14,31,21,24,11,47,52,13,9,10,18,9,31,45,21,22,23,10,33,36,56,23
2018,KW 32,35,37,34,32,20,10,52,47,24,29,34,24,31,26,11,26,15,28,7,38,45,12,14,15,13,10,19,43,14,31,15,20,21,52,36,19
2018,KW 33,29,24,27,26,21,17,45,45,18,33,44,22,25,23,15,35,13,18,13,36,36,11,11,12,16,7,21,24,13,20,22,13,23,32,34,19
2018,KW 34,25,36,26,40,18,11,37,50,24,17,45,18,26,24,15,31,11,13,14,42,32,11,16,10,14,11,31,38,14,32,24,18,31,37,48,13
2018,KW 35,22,20,30,40,15,15,36,42,20,29,50,22,25,24,11,27,10,24,11,27,22,9,8,13,10,9,24,32,16,19,19,16,19,30,33,14
2018,KW 36,21,23,31,32,20,7,37,30,18,21,43,26,22,19,13,32,7,23,12,36,42,10,15,5,19,7,19,25,20,15,21,21,16,43,43,14
2018,KW 37,29,21,24,34,25,10,60,42,19,26,36,24,19,15,16,27,12,21,3,33,32,10,9,7,19,5,23,26,18,18,26,24,19,34,36,17
2018,KW 38,21,31,25,25,19,12,43,31,27,23,36,22,27,16,6,22,12,17,13,33,29,12,15,13,22,4,21,26,13,15,18,22,29,32,42,28
2018,KW 39,28,32,31,41,17,16,46,45,22,31,34,15,23,24,15,21,7,12,5,30,34,10,15,15,15,6,24,27,22,18,18,15,25,29,43,27
2018,KW 40,26,31,27,45,18,19,45,48,18,27,43,21,35,21,11,29,11,19,10,31,32,9,11,10,18,5,25,25,25,20,26,18,20,34,34,17
2018,KW 41,31,41,28,29,21,16,47,36,15,35,49,8,22,18,16,24,13,20,12,35,29,17,13,12,27,8,20,33,20,15,29,12,22,43,29,26
2018,KW 42,29,40,26,35,19,16,53,24,21,25,44,19,27,15,13,22,15,22,12,34,30,13,9,6,20,7,18,30,17,19,17,16,31,26,38,23
2018,KW 43,45,28,26,33,16,17,36,38,25,28,46,16,25,19,17,24,8,19,8,33,28,12,15,10,14,6,18,32,12,33,15,10,22,31,45,18
2018,KW 44,28,25,22,26,26,19,59,27,17,27,34,31,27,21,19,22,9,17,9,42,35,20,17,17,17,13,19,29,16,15,15,19,19,26,36,22
2018,KW 45,26,26,31,26,20,19,54,48,20,32,43,20,29,23,12,30,7,30,11,31,35,13,18,13,21,10,32,36,20,26,21,23,22,30,37,25
2018,KW 46,21,42,26,36,24,19,39,40,34,31,39,15,22,25,15,26,12,28,13,25,31,18,18,11,18,5,13,23,18,26,16,13,19,40,36,25
2018,KW 47,30,30,34,43,20,30,41,37,31,29,52,23,14,27,18,30,5,22,10,38,40,12,8,6,14,9,26,26,20,31,20,18,28,20,48,15
2018,KW 48,21,27,30,36,30,19,36,43,27,25,45,20,29,19,9,25,9,27,7,37,42,14,18,11,17,9,23,30,21,35,20,24,17,38,41,26
2018,KW 49,32,33,29,50,28,18,56,47,31,29,39,18,22,11,15,32,8,28,4,48,39,18,18,7,16,7,28,32,22,25,23,18,24,31,30,26
2018,KW 50,24,23,36,31,22,21,47,39,18,24,48,24,25,22,22,34,11,18,7,29,41,13,12,10,21,15,24,30,13,25,11,21,21,34,33,28
2018,KW 51,33,30,30,40,24,16,49,45,23,29,47,19,27,23,13,32,14,25,9,24,36,6,13,19,18,9,32,40,17,27,31,23,22,34,41,40
2018,KW 52,28,39,32,37,28,19,34,39,19,23,45,25,20,14,15,27,20,30,9,39,42,9,18,17,22,8,20,38,31,30,18,19,31,17,37,24
2018,KW 1 2019 (Dezember 2018),3,2,4,5,5,1,3,5,4,4,9,5,3,1,3,7,3,NA,3,9,6,2,2,2,3,NA,4,7,3,4,3,4,2,3,2,2
2019,KW 1,26,35,24,36,25,8,36,43,19,30,41,24,23,13,13,23,11,27,10,31,26,14,16,15,18,2,27,40,19,24,18,17,25,35,23,30
2019,KW 2,33,29,37,39,27,13,60,47,31,26,44,25,25,25,17,33,15,19,6,29,34,11,20,14,33,10,25,39,20,24,29,22,27,37,45,28
2019,KW 3,27,35,31,39,15,16,59,48,31,26,37,24,18,18,9,37,11,34,3,38,29,20,13,13,19,13,32,31,22,24,29,24,20,38,53,39
2019,KW 4,25,28,36,37,22,12,51,45,25,34,46,24,24,22,16,37,18,37,8,42,38,20,21,16,15,14,29,32,24,27,22,20,30,41,40,22
2019,KW 5,27,29,36,37,27,19,52,52,22,17,41,23,21,23,15,36,13,21,14,36,42,12,16,19,20,10,28,33,32,36,27,14,21,31,45,27
2019,KW 6,32,27,30,38,24,17,58,42,32,40,51,19,22,22,11,38,14,25,11,47,38,18,15,12,23,8,31,36,28,30,23,22,24,46,49,19
2019,KW 7,31,37,28,48,22,12,59,53,29,31,64,26,27,20,19,41,13,26,20,46,42,12,13,13,19,6,44,28,18,25,33,21,30,52,41,32
2019,KW 8,33,28,30,34,27,18,64,44,27,30,50,22,36,19,17,39,13,28,14,38,42,18,18,14,26,9,41,46,24,34,27,29,31,40,34,28
2019,KW 9,27,31,34,38,36,12,61,47,26,32,43,16,29,34,15,32,9,28,14,41,41,12,17,11,37,10,28,33,25,28,27,18,27,34,65,22
2019,KW 10,27,45,31,38,25,22,61,54,28,26,48,24,35,29,17,38,15,18,8,39,46,11,18,10,18,10,39,32,23,35,20,16,22,35,42,30
2019,KW 11,24,45,34,46,22,18,46,46,25,37,37,24,36,23,18,48,10,35,14,44,39,19,12,14,24,7,31,40,17,30,30,18,27,38,47,32
2019,KW 12,30,23,32,36,28,19,60,52,29,36,54,21,26,27,16,34,12,18,10,33,42,14,14,12,20,8,23,42,18,32,23,19,22,30,42,25
2019,KW 13,25,37,28,43,18,24,50,54,13,26,49,19,21,22,11,35,13,24,8,41,32,13,16,11,19,8,34,36,19,28,28,22,20,43,34,26
2019,KW 14,30,28,23,33,29,19,47,58,29,33,47,22,30,28,10,39,16,26,8,38,29,16,15,12,14,2,26,30,17,29,35,17,12,26,34,30
2019,KW 15,26,38,39,32,17,16,43,32,22,27,39,21,30,32,17,36,12,26,7,40,31,17,12,17,17,6,21,31,12,28,22,12,26,38,36,19
2019,KW 16,16,40,32,26,23,18,57,36,20,24,54,26,30,29,11,30,13,13,7,43,34,20,15,9,21,8,28,31,21,26,23,22,24,30,28,31
2019,KW 17,19,37,30,39,22,19,59,32,25,29,41,17,25,29,19,28,13,18,5,29,32,17,14,12,22,12,19,34,24,23,17,20,17,33,33,21
2019,KW 18,27,26,41,29,24,19,58,43,19,28,35,18,17,22,14,26,7,29,11,31,40,11,9,20,21,8,34,40,18,19,20,11,19,45,26,24
2019,KW 19,21,29,29,39,21,15,32,32,18,26,36,16,17,22,9,25,13,19,10,31,41,8,14,19,15,10,30,34,21,12,22,12,18,31,37,18
2019,KW 20,19,31,26,35,24,12,42,40,30,26,53,20,27,19,14,29,9,20,8,43,32,9,14,13,23,11,23,34,12,22,15,23,18,34,52,18
2019,KW 21,20,27,26,35,9,15,49,49,22,25,38,21,30,21,13,30,8,23,11,31,30,10,16,9,16,9,22,29,14,20,16,17,30,31,48,20
2019,KW 22,25,32,33,31,20,11,52,51,20,22,28,20,20,23,13,29,10,17,8,29,28,15,8,4,20,8,23,35,8,36,24,19,26,36,41,26
2019,KW 23,21,30,24,35,23,20,55,42,26,29,27,26,22,20,11,26,16,26,10,29,39,15,8,9,17,6,23,36,10,28,28,15,21,34,40,23
2019,KW 24,20,33,29,32,28,21,28,46,26,25,34,14,19,22,18,26,5,24,10,34,32,16,12,13,21,7,28,28,22,21,21,18,19,23,47,24
2019,KW 25,25,39,34,30,22,12,35,49,16,29,43,24,23,27,6,28,14,22,7,34,41,12,14,9,19,12,20,30,13,25,27,13,18,28,36,30
2019,KW 26,25,28,33,43,17,16,48,32,21,37,47,15,20,30,19,36,13,27,13,33,32,13,15,10,17,5,28,15,16,26,17,14,28,40,42,21
2019,KW 27,22,26,33,28,22,20,44,35,22,26,46,29,30,20,18,21,11,19,11,32,33,15,10,18,11,6,28,29,15,22,16,15,20,31,42,30
2019,KW 28,24,29,28,28,14,18,51,50,20,23,52,14,15,21,20,23,8,30,12,40,29,16,7,8,12,11,20,24,14,23,26,18,17,37,38,21
2019,KW 29,20,31,31,27,22,15,45,48,23,32,45,16,28,18,17,24,12,20,8,37,40,13,11,15,13,8,33,26,13,24,21,19,26,39,28,23
2019,KW 30,28,43,35,29,16,18,57,47,26,33,76,20,30,26,20,25,11,30,10,51,36,14,16,12,22,10,27,36,24,31,18,11,24,44,37,30
2019,KW 31,31,37,28,39,19,14,30,49,24,24,44,27,15,24,10,28,14,21,7,33,31,9,8,11,11,6,23,27,13,26,19,10,22,26,43,16
2019,KW 32,16,25,40,37,13,13,45,42,24,25,49,19,15,16,16,31,14,18,14,25,38,13,11,7,16,5,24,30,22,21,17,14,19,37,24,26
2019,KW 33,16,26,26,34,18,17,46,35,21,24,33,19,23,13,13,26,8,25,3,35,26,21,13,19,13,11,26,29,15,24,21,10,14,24,24,20
2019,KW 34,13,24,20,28,20,12,43,33,17,21,51,21,17,21,8,33,13,19,9,34,28,12,7,7,15,8,13,31,21,22,15,11,23,21,26,26
2019,KW 35,25,40,31,33,27,19,48,36,28,31,41,31,21,18,19,40,15,26,4,29,36,15,10,4,15,15,29,33,14,27,20,21,19,32,39,28
2019,KW 36,23,29,29,41,23,12,36,34,20,15,45,10,21,17,14,35,14,27,5,35,36,7,16,14,17,14,25,27,8,26,22,13,26,27,40,24
2019,KW 37,16,26,37,37,29,11,39,33,22,26,43,20,23,12,15,28,10,28,11,29,36,8,15,13,19,6,14,29,10,11,25,12,20,24,30,26
2019,KW 38,20,22,42,44,21,20,52,40,27,26,41,26,25,24,18,37,8,28,10,32,37,12,12,6,14,5,32,33,16,30,22,20,17,24,39,20
2019,KW 39,29,37,24,33,20,9,49,41,25,18,38,21,26,25,19,23,8,21,5,33,36,15,6,10,17,6,23,42,19,28,24,21,32,26,45,25
2019,KW 40,22,31,35,21,24,11,35,38,21,26,38,22,26,22,11,35,7,21,10,32,29,6,11,5,14,6,27,35,21,25,24,14,16,32,30,23
2019,KW 41,20,36,24,35,30,20,53,25,27,27,43,20,21,16,18,27,8,22,4,37,33,14,13,13,16,9,32,35,10,26,28,21,23,24,49,21
2019,KW 42,22,22,29,34,17,15,50,40,29,22,57,23,34,22,17,30,5,26,14,33,45,18,19,15,23,7,29,24,17,18,23,22,23,33,43,22
2019,KW 43,18,34,30,30,21,20,44,32,30,23,45,32,29,22,21,18,8,23,5,40,32,11,9,11,24,11,25,32,13,21,20,16,20,36,41,26
2019,KW 44,23,21,33,30,17,22,53,46,23,28,50,24,23,21,15,25,7,16,9,33,38,15,8,10,16,2,20,30,15,24,16,10,26,35,40,20
2019,KW 45,22,23,26,26,23,12,56,49,25,24,49,19,23,13,18,36,8,29,6,29,40,14,12,14,17,7,29,26,15,23,27,28,30,36,40,32
2019,KW 46,20,33,33,46,20,14,47,55,33,23,47,21,31,21,17,20,12,16,6,31,38,17,12,12,23,16,34,41,16,31,28,20,30,30,44,19
2019,KW 47,24,29,26,40,26,18,58,36,26,36,57,23,32,21,17,30,8,21,11,39,34,13,18,12,22,8,35,37,18,26,17,18,32,40,39,29
2019,KW 48,22,31,29,33,26,20,57,34,22,37,56,20,41,27,18,32,14,36,4,33,32,14,15,15,11,7,32,19,18,30,18,16,15,36,31,24
2019,KW 49,35,45,35,33,20,19,50,45,21,29,48,21,29,16,19,35,6,21,10,37,59,12,14,17,20,6,28,40,15,25,22,22,21,30,47,29
2019,KW 50,33,24,30,39,19,18,52,48,29,39,49,16,25,23,14,40,12,28,10,32,34,11,9,16,22,9,18,32,17,27,20,15,23,39,34,30
2019,KW 51,34,23,37,40,23,19,55,41,25,30,48,24,33,25,20,30,10,18,9,36,34,18,8,12,8,8,33,40,14,39,24,19,22,38,52,22
2019,KW 52,26,38,37,42,23,12,46,38,27,29,52,27,34,14,15,26,15,26,10,40,20,16,10,12,16,6,15,32,13,31,23,21,29,22,50,19
2019,KW 1 2020 (Dezember 2019),4,16,6,10,2,8,9,6,8,6,8,5,4,10,11,6,5,10,3,10,8,5,5,2,6,4,3,9,5,12,4,7,9,8,15,9
2020,KW 1,24,23,22,19,16,13,33,27,25,28,35,15,10,13,12,20,9,17,8,20,33,11,10,13,14,9,15,15,13,26,17,15,13,29,27,17
2020,KW 2,26,38,25,59,26,18,64,55,20,28,52,29,26,21,12,32,6,30,8,34,44,15,11,10,22,8,22,40,20,34,20,22,23,35,49,21
2020,KW 3,23,37,42,37,34,17,61,41,24,23,46,22,22,22,21,38,12,26,8,29,36,9,8,11,13,6,24,35,17,34,19,22,28,46,33,30
2020,KW 4,26,30,34,37,25,13,51,45,25,29,50,20,26,23,16,45,13,18,15,42,33,19,15,11,17,9,19,23,13,19,27,21,19,33,40,25
2020,KW 5,33,25,40,54,24,12,42,47,29,28,45,21,25,27,16,41,15,22,6,46,37,11,13,16,26,17,31,29,24,34,19,22,28,43,43,21
2020,KW 6,18,32,29,41,16,13,45,34,27,34,41,24,30,19,19,38,8,28,15,42,32,12,8,19,26,13,23,32,25,28,27,14,25,24,51,24
2020,KW 7,29,36,31,33,22,18,49,51,16,30,32,24,25,17,19,33,15,29,11,39,54,20,17,8,19,8,27,39,23,34,28,19,34,34,34,21
2020,KW 8,27,37,36,36,25,16,57,50,23,36,47,23,27,18,18,27,13,17,9,35,36,13,12,6,11,7,28,33,21,21,26,23,20,40,36,35
2020,KW 9,25,39,31,54,23,19,61,44,36,31,39,14,27,12,24,37,12,22,14,36,40,18,9,6,20,7,25,42,16,25,29,9,25,31,56,31
2020,KW 10,35,30,32,37,31,19,61,55,28,32,39,19,27,19,18,36,8,24,9,32,40,12,13,12,8,9,27,35,23,22,23,17,37,32,35,24
2020,KW 11,29,48,53,35,23,19,50,62,32,26,51,29,33,29,17,28,18,15,17,41,37,14,14,13,19,8,24,51,20,36,28,12,20,39,44,24
2020,KW 12,29,46,29,34,20,11,65,52,26,35,46,20,30,18,19,33,10,22,6,45,34,16,9,13,12,9,27,36,20,22,27,18,25,49,41,23
2020,KW 13,35,26,33,35,29,18,47,48,21,33,46,25,36,21,14,42,14,28,13,23,34,11,9,11,14,11,33,32,14,22,24,24,29,29,30,26
2020,KW 14,19,35,33,43,23,24,70,51,22,36,58,39,18,22,10,43,9,23,12,33,27,16,9,16,25,9,27,35,14,36,26,27,26,35,44,22
2020,KW 15,28,33,22,38,22,11,40,48,27,41,43,24,22,21,20,27,11,19,7,36,44,23,17,22,34,8,25,42,19,31,27,17,24,27,55,26
2020,KW 16,20,23,41,24,15,20,43,37,28,31,37,21,28,22,17,27,9,33,5,32,43,11,17,9,22,7,25,38,20,22,23,22,22,33,45,16
2020,KW 17,27,29,29,35,19,14,43,36,24,28,43,21,37,28,14,29,10,26,11,25,44,13,8,9,21,11,23,28,26,34,23,20,31,36,42,17
2020,KW 18,20,27,33,36,27,14,55,53,23,28,39,14,28,22,10,34,12,17,8,26,33,12,12,20,9,5,27,28,16,26,20,14,24,32,53,15
2020,KW 19,26,31,25,49,18,14,59,39,20,36,57,22,14,30,15,35,12,21,8,33,35,13,17,16,17,2,23,31,17,29,22,20,20,30,51,27
2020,KW 20,29,33,25,42,25,16,39,35,25,21,45,19,30,16,10,19,8,25,10,31,29,10,13,11,19,8,26,25,17,20,25,18,28,34,43,18
2020,KW 21,28,29,31,27,9,14,41,39,25,31,44,18,26,18,17,39,9,21,10,40,36,9,11,10,18,11,31,24,18,29,17,12,21,39,43,22
2020,KW 22,17,25,27,45,20,24,33,41,25,23,41,21,26,18,11,39,17,29,16,30,44,18,20,7,22,5,27,21,19,24,21,16,22,32,37,26
2020,KW 23,40,32,21,33,22,11,43,35,32,24,40,20,37,21,18,21,9,22,9,35,36,22,8,5,21,6,17,33,18,24,16,23,29,28,40,29
2020,KW 24,22,23,24,43,20,14,44,42,16,22,44,14,24,15,12,23,5,22,9,28,29,9,15,7,14,9,17,20,11,20,16,19,18,29,42,21
2020,KW 25,22,28,27,38,20,15,35,35,30,28,30,15,24,18,18,31,7,19,9,25,26,11,7,6,14,8,21,30,10,21,17,15,25,40,44,28
2020,KW 26,17,30,26,41,20,21,44,39,27,38,49,18,21,19,16,21,10,23,14,33,49,18,12,9,24,13,30,31,15,22,24,13,22,33,59,19
2020,KW 27,25,32,26,46,28,17,47,34,24,25,36,20,14,19,12,37,11,18,5,27,32,8,13,12,13,5,21,28,13,24,21,12,22,37,32,19
2020,KW 28,27,29,25,36,24,21,41,27,22,26,42,28,31,25,18,40,9,22,6,28,27,11,10,8,16,10,29,35,21,16,13,13,16,30,31,30
2020,KW 29,23,28,26,38,24,9,49,44,21,16,48,15,21,19,10,37,11,24,7,22,31,15,18,10,20,9,20,34,12,18,27,27,20,29,32,25
2020,KW 30,25,29,20,37,23,17,53,36,18,31,26,18,19,21,14,30,8,23,8,29,23,7,12,14,16,8,26,33,23,21,23,19,21,38,36,21
2020,KW 31,28,35,24,35,21,12,43,38,26,27,36,21,25,25,12,37,13,26,7,31,27,16,16,14,16,12,24,30,19,23,24,21,25,34,36,19
2020,KW 32,34,28,27,34,12,17,49,32,17,24,40,32,27,17,16,32,14,19,10,33,37,17,17,12,9,7,30,42,17,20,22,24,24,26,43,24
2020,KW 33,27,28,32,43,23,13,64,50,37,28,43,21,37,20,14,31,12,17,12,31,38,18,17,15,25,3,24,33,25,48,27,14,27,45,45,27
2020,KW 34,27,24,31,35,21,9,46,42,24,26,37,20,39,23,16,38,11,21,8,30,31,14,9,11,14,7,33,36,14,21,16,15,25,27,35,29
2020,KW 35,21,25,20,28,19,16,57,32,20,27,43,22,27,15,17,28,10,20,7,32,33,9,16,11,16,5,24,27,20,12,15,17,17,24,42,26
2020,KW 36,19,36,36,22,12,11,39,38,19,24,38,26,31,22,16,35,6,16,11,37,31,13,16,15,8,8,25,31,13,19,19,20,24,30,34,16
2020,KW 37,25,29,27,32,16,14,39,53,16,30,38,11,33,20,9,24,12,17,5,35,32,12,14,21,13,8,26,31,12,23,24,17,25,24,25,20
2020,KW 38,24,32,32,51,18,13,52,50,24,37,46,8,37,21,20,24,16,16,10,36,32,21,13,16,22,5,25,29,21,31,24,20,18,35,40,21
2020,KW 39,28,37,24,36,21,14,45,45,21,23,47,23,30,24,18,40,12,25,7,33,43,12,5,11,20,11,25,29,13,24,24,18,25,32,42,27
2020,KW 40,26,32,32,40,33,14,47,28,25,45,46,19,26,14,20,33,9,23,7,24,34,12,15,14,14,6,28,30,19,30,16,24,19,28,25,21
2020,KW 41,18,25,28,46,16,12,47,55,18,29,45,25,28,15,9,37,8,33,6,39,34,12,16,10,19,5,19,28,21,25,22,22,25,23,37,37
2020,KW 42,18,28,32,43,21,14,33,44,27,35,41,24,20,16,15,36,11,18,6,24,26,12,12,14,13,8,21,29,22,18,24,10,21,32,51,23
2020,KW 43,36,37,31,47,22,13,34,32,26,36,62,18,26,24,18,31,10,20,7,45,24,12,20,7,18,5,29,34,9,40,26,20,20,41,36,30
2020,KW 44,32,25,29,35,26,11,56,51,32,25,47,13,30,23,12,34,8,16,9,38,35,9,16,8,11,7,21,35,11,32,32,21,32,29,40,21
2020,KW 45,27,31,33,41,25,12,56,42,17,27,46,25,30,26,19,21,12,24,13,45,34,11,12,9,12,9,29,27,17,37,18,18,25,36,41,31
2020,KW 46,29,35,25,49,21,23,51,40,24,41,42,20,32,32,15,26,11,25,5,42,40,15,14,11,18,5,26,48,23,25,26,29,36,46,46,27
2020,KW 47,30,33,27,35,34,14,46,48,24,19,53,15,27,19,20,27,14,22,8,35,41,11,13,14,20,6,29,25,14,43,28,27,24,38,48,21
2020,KW 48,29,43,31,50,32,27,55,48,31,31,46,14,25,23,15,34,18,21,7,45,50,15,10,23,19,4,33,41,16,28,33,30,29,51,43,32
2020,KW 49,25,33,37,53,23,17,50,47,27,40,50,31,17,18,25,33,11,23,14,59,65,12,9,29,32,5,34,41,13,33,30,28,40,67,52,32
2020,KW 50,38,46,42,40,27,15,58,65,22,58,47,20,34,25,25,37,14,24,13,65,52,12,14,26,19,15,35,44,14,42,39,29,31,56,52,34
2020,KW 51,29,24,35,54,25,17,55,72,30,35,48,23,19,29,17,33,14,26,9,55,54,23,13,30,22,10,28,39,23,43,38,23,36,54,55,23
2020,KW 52,44,35,42,48,34,17,61,68,36,50,63,29,38,20,22,40,16,45,12,50,39,11,25,24,27,11,33,40,13,40,26,18,28,70,51,22
2020,KW 53,26,17,22,36,13,11,48,44,18,31,39,12,23,15,9,19,8,16,5,31,27,4,18,10,15,6,25,30,15,16,13,15,15,45,31,16
2021,KW 53 2020 (Januar 2021),10,14,10,35,14,6,31,21,8,11,16,8,12,12,9,18,10,13,2,21,15,8,11,9,13,5,13,20,9,11,10,11,14,26,19,18
2021,KW 1,27,41,37,39,29,21,59,63,32,45,60,14,32,24,15,54,17,22,14,82,41,18,21,11,30,7,29,34,28,30,26,20,33,47,48,30
2021,KW 2,35,38,35,63,24,20,65,56,30,40,75,30,36,15,26,38,18,34,23,55,42,17,25,11,24,10,36,42,24,28,23,25,31,51,47,28
2021,KW 3,45,40,38,57,36,12,58,61,28,38,60,19,27,19,17,41,8,39,10,50,44,18,20,10,33,11,30,50,25,22,30,19,40,63,60,35
2021,KW 4,42,33,40,44,26,15,67,54,41,27,56,23,25,18,24,27,11,27,21,50,35,10,14,14,39,14,21,39,20,32,26,23,28,40,65,34
2021,KW 5,34,44,34,49,25,20,70,48,27,22,42,25,22,22,15,30,16,23,13,47,30,10,20,13,23,13,30,40,19,27,23,18,29,32,49,21
2021,KW 6,27,31,36,43,21,27,60,39,31,28,45,26,24,27,14,25,12,18,7,42,41,11,17,13,27,4,27,35,17,32,32,17,28,32,42,35
2021,KW 7,24,38,32,38,18,19,44,49,37,45,41,21,20,20,18,45,6,27,6,34,38,19,11,16,17,9,20,56,12,17,19,23,23,37,54,19
2021,KW 8,29,22,34,34,18,22,46,37,31,34,47,26,24,16,13,35,8,27,12,32,25,17,7,9,12,11,35,32,15,16,21,19,26,42,34,20
2021,KW 9,16,25,40,39,15,17,48,37,27,25,40,21,22,25,10,34,19,12,13,32,33,18,12,9,13,10,15,29,14,31,29,23,20,34,38,14
2021,KW 10,21,31,25,30,25,13,45,46,30,30,34,23,22,25,16,34,13,21,6,32,34,14,12,11,14,4,23,33,12,27,26,10,20,36,50,26
2021,KW 11,19,36,39,56,26,23,49,40,25,29,42,17,25,23,9,33,16,21,9,34,28,13,18,9,22,11,25,31,16,27,21,14,34,33,47,24
2021,KW 12,31,42,40,33,16,12,37,45,16,30,39,6,35,22,19,20,11,14,9,42,34,10,18,13,13,9,24,38,19,20,13,16,19,31,37,21
2021,KW 13,16,30,29,31,30,18,43,49,30,30,40,22,30,18,8,25,8,26,5,50,40,9,11,15,16,9,16,31,22,37,20,9,19,38,49,25
2021,KW 14,26,25,37,19,22,11,38,51,31,27,55,15,32,31,18,30,11,26,10,35,36,12,9,8,14,2,34,32,21,36,21,17,22,48,35,23
2021,KW 15,17,35,29,53,19,12,50,37,31,24,48,21,28,24,12,25,11,22,8,34,36,18,15,9,21,10,24,33,19,30,20,16,32,43,53,25
2021,KW 16,26,43,33,38,20,15,52,44,26,32,44,20,30,26,15,31,14,29,9,38,33,7,13,14,16,5,26,39,21,27,20,21,23,32,40,21
2021,KW 17,25,27,43,42,31,13,55,44,32,31,41,21,28,20,20,26,15,20,13,41,33,13,8,11,17,6,37,36,23,28,31,18,26,37,31,19
2021,KW 18,33,41,42,37,22,15,50,41,33,40,59,16,34,29,16,29,10,23,11,37,43,13,10,10,19,6,23,39,18,23,24,19,21,35,31,22
2021,KW 19,21,31,28,37,17,13,50,37,29,31,42,21,22,23,18,35,14,20,4,33,32,7,11,8,14,6,24,36,25,27,24,29,24,36,39,23
2021,KW 20,26,32,30,22,28,13,40,47,12,31,51,21,28,24,15,30,9,18,11,37,37,17,12,14,13,5,22,33,19,17,30,16,17,36,40,27
2021,KW 21,28,28,29,31,24,19,45,47,23,28,44,17,28,21,25,33,14,16,9,34,37,9,12,8,20,11,30,26,13,18,29,17,20,24,40,21
2021,KW 22,25,31,34,37,19,13,62,41,23,35,51,18,32,26,12,18,6,20,18,26,39,9,13,16,18,6,24,35,14,35,22,25,26,30,37,16
2021,KW 23,24,25,31,31,20,25,33,25,23,22,37,20,26,19,13,29,14,15,6,32,32,15,12,5,19,7,28,25,16,20,23,18,23,27,42,20
2021,KW 24,36,37,31,47,13,14,58,39,35,31,47,27,30,20,13,23,9,39,14,40,31,19,16,16,12,8,34,41,19,30,18,21,17,48,44,29
2021,KW 25,21,23,22,33,26,16,43,35,23,38,40,19,23,21,12,28,10,21,10,26,33,12,14,9,14,10,26,21,23,18,26,15,18,34,40,25
2021,KW 26,34,37,25,40,22,9,38,46,25,27,38,18,23,20,21,18,14,19,12,31,34,14,9,6,13,6,31,36,19,22,23,22,24,21,38,21
2021,KW 27,31,31,26,36,26,18,42,30,19,27,36,20,21,20,13,30,10,23,4,35,29,18,10,14,25,8,27,21,15,24,29,16,22,39,38,16
2021,KW 28,30,134,36,41,22,18,52,43,16,32,46,16,23,31,20,29,20,28,11,29,44,11,10,11,14,7,19,39,13,32,23,20,21,31,43,16
2021,KW 29,33,44,40,32,19,13,55,50,27,29,36,17,27,25,15,26,10,27,11,35,37,13,21,12,16,11,24,34,15,29,12,18,31,29,37,27
2021,KW 30,21,36,29,45,18,14,46,38,23,26,37,19,24,25,10,34,5,20,7,26,36,8,17,15,15,10,22,28,13,24,39,15,30,25,44,25
2021,KW 31,35,37,25,40,27,18,54,44,18,31,43,13,27,22,12,24,6,20,10,32,31,12,11,10,11,7,26,27,7,24,18,16,20,41,42,26
2021,KW 32,23,40,29,37,23,15,48,25,23,33,47,27,40,21,19,39,11,22,10,35,35,16,18,17,12,10,35,33,23,28,33,26,21,34,58,21
2021,KW 33,22,35,27,31,18,14,43,44,26,27,39,19,21,22,14,25,13,22,5,38,45,16,12,17,23,9,25,26,22,34,21,16,24,31,36,25
2021,KW 34,23,29,39,41,24,20,45,38,22,23,56,17,20,18,16,22,7,21,11,28,25,16,13,15,14,10,20,23,6,20,25,17,18,28,42,24
2021,KW 35,30,27,30,38,27,12,54,37,30,36,44,21,32,33,17,23,5,23,12,28,44,6,10,8,13,5,25,22,23,25,24,18,25,28,42,13
2021,KW 36,26,30,36,41,20,15,40,44,21,29,59,20,27,24,18,34,11,23,5,41,36,15,13,15,22,14,30,29,33,35,29,14,17,31,45,21
2021,KW 37,26,41,32,24,29,17,49,41,26,27,46,22,23,24,12,25,14,22,6,47,39,16,10,20,12,14,32,34,18,18,24,20,17,20,34,28
2021,KW 38,32,39,39,38,17,18,44,35,31,29,37,26,20,15,15,30,9,20,8,28,45,12,10,16,14,8,35,35,18,31,17,23,25,35,34,38
2021,KW 39,29,32,32,42,28,10,47,41,36,30,37,27,20,17,14,33,11,25,9,41,36,18,17,14,19,7,31,30,24,23,23,18,16,45,40,17
2021,KW 40,19,25,40,40,28,20,56,48,23,28,65,27,26,18,21,29,12,24,5,30,41,22,15,12,13,12,34,30,18,25,18,20,26,38,36,27
2021,KW 41,25,35,35,42,17,29,61,38,24,31,50,14,28,33,15,36,12,28,15,29,31,11,21,20,13,7,26,36,21,26,23,9,21,41,38,27
2021,KW 42,19,28,25,27,24,17,47,37,26,28,59,18,29,20,21,31,13,28,12,31,37,12,10,13,23,6,40,41,23,30,16,16,31,38,46,30
2021,KW 43,21,36,44,43,18,14,49,35,27,29,60,22,39,23,17,40,10,30,14,42,43,12,15,13,15,6,30,39,23,26,26,15,23,30,47,19
2021,KW 44,25,29,36,53,24,20,48,51,28,35,57,21,36,26,14,26,8,29,10,47,39,14,14,16,17,11,28,21,17,21,25,17,29,29,45,24
2021,KW 45,34,35,43,41,22,13,68,46,42,29,62,25,30,22,18,33,17,28,11,39,41,15,20,12,25,6,40,40,21,24,20,27,20,27,50,22
2021,KW 46,20,42,36,32,29,15,53,59,21,40,51,27,26,26,22,30,18,28,7,31,37,18,21,14,16,9,22,37,20,37,22,18,19,54,42,33
2021,KW 47,36,40,34,33,29,18,44,55,27,33,47,8,29,27,21,42,13,31,14,47,47,20,15,10,14,11,37,41,22,38,28,22,32,39,41,35
2021,KW 48,36,42,42,50,29,17,53,48,24,37,63,23,30,22,30,34,19,28,19,29,37,22,18,14,15,17,34,49,25,36,30,19,37,42,60,29
2021,KW 49,32,35,36,50,20,28,67,56,29,45,49,17,31,28,22,36,15,28,10,47,32,20,15,19,23,5,28,37,25,30,23,20,28,38,38,24
2021,KW 50,33,40,41,43,26,25,56,49,27,43,44,21,40,27,21,32,20,28,14,55,39,19,13,16,24,8,32,37,27,42,30,15,32,32,44,33
2021,KW 51,18,35,39,46,30,17,56,64,34,33,55,23,39,24,14,47,17,39,12,33,32,16,21,12,27,7,23,37,18,45,25,24,30,41,50,25
2021,KW 52,27,27,30,32,23,13,31,33,19,29,57,17,22,21,12,23,5,15,10,26,38,13,11,7,14,5,13,38,22,20,21,15,27,34,31,21
2022,KW 52 2021 (Januar 2022),6,11,12,17,6,8,11,12,9,9,15,9,6,9,5,4,4,11,1,11,10,4,6,6,5,3,11,4,7,9,6,6,4,12,14,7
2022,KW 1,32,30,33,40,21,14,67,37,37,29,54,26,27,33,14,32,11,31,8,39,37,16,11,12,19,17,26,33,23,31,28,14,27,32,41,20
2022,KW 2,34,30,35,59,23,13,47,56,30,31,53,26,20,31,22,26,16,33,8,38,36,10,22,13,16,7,32,29,22,28,24,18,27,38,48,31
2022,KW 3,34,39,43,42,18,13,58,51,21,30,46,21,23,31,15,30,14,23,11,44,48,19,8,12,26,9,37,28,14,31,33,20,30,39,45,21
2022,KW 4,27,33,36,40,29,19,57,48,28,31,69,23,17,32,15,30,13,23,7,32,41,15,21,11,17,9,31,46,25,39,27,21,23,39,29,26
2022,KW 5,24,34,26,42,31,25,62,49,29,38,56,20,37,24,13,41,10,24,14,34,36,13,16,11,21,12,28,33,21,26,25,22,38,48,53,23
2022,KW 6,26,39,30,34,35,10,60,46,28,35,42,20,38,20,19,35,9,24,11,49,50,8,12,10,16,12,32,39,15,17,26,28,29,50,60,25
2022,KW 7,30,31,32,55,29,14,56,52,25,30,53,20,27,20,21,37,15,33,13,32,50,23,12,12,20,14,20,40,18,33,27,27,25,38,41,24
2022,KW 8,27,33,35,46,25,19,51,41,33,36,55,23,24,22,18,41,12,32,14,39,42,20,16,20,18,7,25,38,17,22,27,16,21,37,45,26
2022,KW 9,37,37,45,42,31,17,51,53,26,31,58,26,30,25,15,41,13,24,12,38,36,24,17,15,15,12,21,31,25,18,32,24,26,47,42,31
2022,KW 10,34,32,49,57,19,18,46,38,32,24,63,20,24,31,21,35,12,24,9,44,38,15,13,20,26,8,16,43,18,29,27,18,32,33,46,24
2022,KW 11,24,37,38,42,21,19,59,46,29,43,53,26,34,42,19,42,15,20,17,36,43,15,16,16,15,8,24,39,26,28,30,17,38,42,53,26
2022,KW 12,24,48,33,40,17,18,48,42,41,43,56,21,23,31,20,35,7,28,8,36,43,15,18,22,15,8,30,44,18,31,24,23,24,42,47,23
2022,KW 13,30,33,37,38,24,14,54,63,30,37,40,18,43,25,28,36,8,36,9,36,42,19,15,14,18,9,23,37,22,32,36,30,27,38,47,29
2022,KW 14,24,39,41,53,29,21,56,59,32,28,45,17,37,25,22,49,13,31,12,33,49,20,18,9,17,6,20,42,23,31,25,22,33,34,54,35
2022,KW 15,26,26,32,39,20,24,56,40,31,33,38,22,38,24,17,28,10,35,15,31,32,22,19,19,23,6,36,41,21,31,26,18,27,42,39,21
2022,KW 16,28,26,34,30,26,21,53,46,33,36,52,21,33,24,14,37,14,25,5,33,36,12,10,15,24,17,17,38,17,27,22,16,27,33,40,27
2022,KW 17,36,29,32,48,18,20,65,40,22,39,42,26,38,21,17,22,15,24,15,45,35,20,17,15,20,12,23,34,14,25,22,24,23,48,37,28
2022,KW 18,34,29,29,52,30,15,57,44,18,22,43,32,31,24,15,39,16,40,12,43,52,15,13,15,15,13,26,47,17,31,23,18,27,44,51,30
2022,KW 19,24,26,37,49,32,14,46,38,24,36,40,21,27,29,16,25,10,17,14,21,33,17,13,8,14,10,18,41,19,25,18,19,27,33,47,37
2022,KW 20,29,34,41,39,14,24,43,55,30,33,42,31,35,15,21,35,15,20,14,35,40,14,17,16,16,14,27,34,19,32,26,21,19,46,38,23
2022,KW 21,28,24,30,32,18,24,41,34,24,27,31,23,26,14,9,34,10,27,9,29,39,12,9,14,20,11,16,27,16,21,18,14,21,28,42,23
2022,KW 22,18,29,34,23,24,16,43,50,25,30,45,25,23,23,13,36,13,22,5,35,29,16,16,14,14,12,29,29,23,25,29,18,18,38,46,23
2022,KW 23,18,40,31,35,21,21,54,39,23,27,44,20,22,20,13,40,14,17,8,40,40,10,14,22,19,6,29,34,20,28,20,22,27,42,38,37
2022,KW 24,19,29,23,38,22,17,54,37,34,35,47,16,24,17,15,34,9,23,11,42,43,12,24,17,14,10,34,42,24,29,25,23,25,33,41,21
2022,KW 25,19,25,34,39,27,18,45,52,26,28,64,26,28,20,16,34,10,20,9,33,38,18,11,16,21,9,27,25,20,38,20,19,26,42,55,17
2022,KW 26,20,27,34,39,19,23,62,52,21,32,41,23,23,23,18,30,16,22,12,38,40,14,12,14,20,11,28,37,11,25,23,15,20,35,38,21
2022,KW 27,27,37,38,43,21,20,52,32,29,24,53,15,24,27,12,32,11,18,9,26,47,16,13,9,16,11,27,21,25,22,31,25,25,32,53,21
2022,KW 28,22,32,36,46,18,26,50,48,28,39,47,34,32,18,20,33,12,24,11,33,36,19,15,16,25,8,29,33,13,30,21,20,27,41,50,30
2022,KW 29,38,32,44,47,24,16,61,40,28,25,50,17,25,34,25,44,23,33,7,37,36,15,10,17,33,5,39,47,19,22,33,33,29,31,40,30
2022,KW 30,19,35,30,43,28,20,59,35,40,43,51,23,35,21,15,37,11,26,8,46,51,15,22,12,22,15,34,43,19,32,22,14,23,41,49,25
2022,KW 31,30,45,38,33,26,13,59,44,24,30,61,24,26,27,16,42,10,29,8,41,50,26,11,12,24,2,47,27,15,36,30,23,25,40,45,18
2022,KW 32,19,28,34,46,32,18,74,33,37,36,49,28,26,30,22,33,14,21,11,45,43,6,15,14,16,7,27,25,26,34,31,24,39,39,45,23
2022,KW 33,20,40,27,52,28,12,57,40,35,32,34,33,33,25,18,35,9,21,12,34,54,16,11,8,16,5,30,26,17,29,34,25,20,34,47,32
2022,KW 34,32,28,41,28,30,20,49,46,16,33,43,29,32,15,11,34,21,28,7,37,40,13,9,13,24,8,27,28,14,36,38,20,26,38,36,29
2022,KW 35,24,27,28,47,23,19,46,44,22,35,45,36,22,17,13,40,12,19,6,31,46,15,13,14,12,4,17,22,14,18,26,24,13,35,36,28
2022,KW 36,27,29,41,43,18,13,49,41,24,28,46,20,24,20,9,27,13,27,10,30,36,21,6,14,14,7,29,32,20,20,23,22,22,29,39,17
2022,KW 37,26,27,23,42,20,17,45,43,21,28,49,27,28,25,10,29,10,28,10,26,44,13,10,12,15,8,25,36,17,21,28,19,22,37,37,29
2022,KW 38,27,17,24,33,22,24,52,48,22,38,52,15,33,27,12,31,13,26,8,36,27,11,16,8,17,15,27,37,33,30,27,16,27,33,37,35
2022,KW 39,32,30,38,41,31,20,53,46,30,28,59,19,30,30,11,29,19,25,12,29,39,7,16,13,29,13,34,41,23,27,30,24,21,40,45,26
2022,KW 40,32,30,35,52,37,19,62,45,25,30,52,20,44,27,17,27,11,33,8,30,43,14,9,11,32,13,25,40,19,23,37,21,29,37,51,35
2022,KW 41,34,37,42,56,29,15,64,49,41,38,51,33,41,29,16,34,13,35,9,35,53,19,15,16,19,8,33,36,21,35,28,31,34,54,55,32
2022,KW 42,29,28,26,44,23,22,57,57,47,33,55,36,32,28,17,39,12,14,12,50,45,26,10,15,24,12,29,46,27,35,30,24,26,43,51,29
2022,KW 43,39,38,50,53,29,18,52,51,33,42,59,28,29,26,22,42,12,31,12,38,56,14,18,15,16,12,26,45,29,22,20,17,29,44,44,31
2022,KW 44,32,29,51,55,33,25,53,52,24,35,49,20,24,17,21,37,16,23,7,32,36,12,11,13,19,10,29,42,18,28,26,21,25,27,42,31
2022,KW 45,38,27,30,48,19,17,47,55,22,33,58,22,31,20,16,30,12,20,7,39,33,15,15,16,21,11,31,36,21,15,19,15,30,31,55,29
2022,KW 46,32,25,36,43,25,22,53,41,29,38,51,26,24,20,21,33,12,28,10,42,36,11,19,13,20,7,33,28,23,32,27,22,24,48,39,37
2022,KW 47,29,19,35,43,27,13,60,47,29,36,50,24,32,24,17,38,18,27,9,37,33,12,18,13,20,11,30,34,19,29,28,24,24,53,37,24
2022,KW 48,29,38,34,42,26,32,51,51,29,37,58,29,27,18,13,26,14,32,13,41,41,11,20,17,31,11,20,44,24,33,28,19,26,35,53,32
2022,KW 49,34,36,48,50,29,22,55,56,37,31,57,22,30,42,11,41,16,22,10,38,48,21,10,12,24,17,30,38,28,35,27,17,25,43,44,21
2022,KW 50,27,38,50,48,27,23,59,46,26,40,69,22,39,29,24,43,16,33,15,50,43,21,17,21,18,12,40,39,23,31,36,26,33,48,47,35
2022,KW 51,43,45,55,62,31,25,88,54,20,45,69,36,40,26,33,39,18,32,10,64,46,19,21,20,31,8,38,53,20,35,24,25,28,58,49,40
2022,KW 52,36,39,41,50,26,21,71,62,30,38,54,21,33,24,16,35,17,33,11,51,38,15,16,10,26,10,29,41,13,39,22,16,36,46,42,27
2023,KW 52 2022 (Januar 2023),6,5,5,13,4,4,10,6,4,2,14,3,9,6,1,4,3,4,2,5,9,2,5,4,3,1,1,2,3,7,4,4,4,6,11,6
2023,KW 1,29,53,45,51,38,24,63,55,32,32,63,28,42,35,29,43,12,43,11,53,36,25,12,19,10,9,39,41,22,43,35,26,30,51,53,30
2023,KW 2,29,40,33,42,27,24,66,54,35,37,57,28,40,28,18,32,11,22,11,30,41,13,13,7,21,10,29,50,21,26,21,20,32,37,52,26
2023,KW 3,23,16,45,52,22,20,51,49,34,37,52,27,32,23,13,38,12,23,7,36,28,17,14,14,15,8,37,41,22,40,26,20,20,44,49,30
2023,KW 4,35,19,30,42,28,16,69,55,26,41,38,25,28,25,13,28,6,32,9,38,38,13,13,13,22,9,26,38,14,28,31,13,33,46,46,30
2023,KW 5,31,30,34,49,31,25,55,50,31,34,58,25,28,23,23,38,13,32,9,48,44,17,18,12,18,7,23,45,16,21,21,22,40,36,34,21
2023,KW 6,25,42,35,46,34,16,53,51,24,31,54,24,25,19,22,23,13,28,7,37,40,12,18,7,21,10,30,37,25,25,35,20,28,37,54,24
2023,KW 7,24,33,36,37,26,16,69,48,34,41,36,21,32,25,16,35,5,30,12,41,54,15,11,16,20,9,27,44,14,34,23,14,25,46,45,26
2023,KW 8,27,29,49,46,22,23,51,36,19,37,52,30,34,31,19,41,11,30,7,38,35,11,16,17,20,15,29,37,21,24,24,31,26,38,49,25
2023,KW 9,20,31,34,42,32,8,61,48,26,36,51,32,30,25,10,37,14,27,12,38,40,13,21,19,15,9,28,49,16,30,29,17,29,38,47,31
2023,KW 10,37,39,44,45,26,16,60,63,25,34,53,24,37,32,24,33,14,25,15,32,32,17,16,10,21,8,33,32,23,32,29,17,28,38,42,23
2023,KW 11,23,43,26,37,34,18,64,51,32,34,79,22,34,36,18,35,13,26,13,47,46,7,14,9,17,5,24,33,14,29,33,16,36,32,54,31
2023,KW 12,33,43,38,47,23,21,61,52,27,23,55,21,36,28,15,38,13,27,17,33,44,17,19,6,18,6,20,41,17,27,26,19,29,35,44,28
2023,KW 13,34,33,30,34,21,16,56,36,33,24,50,31,35,20,17,32,14,33,8,42,44,14,20,20,16,12,28,31,19,27,26,17,18,25,38,20
2023,KW 14,25,32,42,36,16,13,50,42,38,35,65,24,31,32,16,35,6,24,11,31,28,12,9,11,17,9,29,42,22,26,19,20,29,43,38,30
2023,KW 15,26,40,28,38,24,13,51,42,33,38,45,21,25,28,14,34,10,23,9,51,31,13,8,7,13,11,31,23,21,27,24,13,27,43,35,24
2023,KW 16,29,23,34,44,22,15,54,46,26,33,45,21,19,22,9,37,7,24,7,43,35,14,15,11,16,8,26,32,24,27,28,25,34,35,53,31
2023,KW 17,36,33,33,40,19,13,57,37,21,25,48,20,37,21,16,40,14,21,14,24,50,15,14,15,27,13,31,36,21,19,23,21,16,29,49,23
2023,KW 18,36,35,30,34,26,16,48,42,18,40,48,21,26,13,16,39,16,23,11,36,44,16,15,12,17,5,21,35,22,25,22,13,20,39,35,22
2023,KW 19,31,29,22,47,25,16,39,37,26,45,42,28,23,20,16,32,11,24,17,27,38,32,15,8,14,11,17,26,10,31,26,13,26,28,59,16
2023,KW 20,23,24,30,35,25,15,40,41,30,27,55,30,32,15,10,31,12,29,12,30,30,13,12,11,14,7,38,34,24,25,22,30,24,40,39,23
2023,KW 21,28,28,32,41,22,19,45,34,31,30,43,26,25,16,13,41,8,16,7,24,30,11,15,12,19,7,24,25,16,16,28,13,32,37,49,28
2023,KW 22,33,35,37,29,11,21,53,41,26,26,47,15,23,21,23,27,10,28,17,35,46,9,10,12,14,7,22,30,11,30,16,13,27,31,35,17
2023,KW 23,29,30,33,45,19,15,59,33,25,30,45,24,29,25,17,36,15,23,12,31,40,22,9,9,13,3,30,35,22,23,20,20,19,33,42,22
2023,KW 24,24,28,34,36,17,13,43,38,22,26,41,20,29,19,15,34,13,22,4,25,40,13,23,20,16,6,31,29,20,17,28,20,24,31,38,28
2023,KW 25,27,27,31,35,21,20,50,43,24,27,59,15,20,18,13,30,14,19,4,33,30,9,8,16,12,10,26,34,18,29,18,31,17,38,58,22
2023,KW 26,25,22,26,35,23,19,49,44,23,26,44,15,30,21,14,24,6,21,8,26,39,12,10,17,12,4,16,31,18,20,29,20,16,34,52,24
2023,KW 27,28,34,28,38,11,15,49,34,24,28,46,29,23,26,10,33,8,21,6,32,30,14,11,18,25,8,26,31,22,23,24,10,18,26,44,17
2023,KW 28,20,28,29,36,21,18,53,34,26,32,51,19,25,28,21,30,16,23,8,30,32,18,17,10,16,8,14,23,18,26,20,16,31,35,52,22
2023,KW 29,24,32,33,28,18,12,43,35,31,21,44,22,20,19,14,27,11,15,8,37,37,12,6,9,14,9,24,32,17,28,22,14,22,24,38,19
2023,KW 30,24,21,40,35,21,19,52,47,31,29,31,22,35,19,21,29,6,11,12,32,36,18,5,6,20,9,26,27,17,26,20,20,18,30,38,22
2023,KW 31,21,23,33,24,13,13,45,41,15,27,50,18,19,14,14,26,11,14,7,35,38,13,7,13,12,13,17,39,8,22,11,26,30,33,39,24
2023,KW 32,29,20,21,42,23,25,39,36,25,30,34,17,27,25,10,26,9,30,13,29,45,10,11,11,19,10,32,33,14,24,19,17,24,36,39,23
2023,KW 33,28,24,23,24,27,14,44,42,30,31,70,24,28,35,18,32,9,27,9,39,38,12,16,8,13,7,28,31,12,25,24,18,23,37,42,22
2023,KW 34,28,30,35,28,26,12,53,41,20,22,39,24,25,22,10,20,5,24,6,30,33,15,18,14,19,10,23,39,17,30,20,13,23,37,41,24
2023,KW 35,31,31,33,34,8,19,47,39,17,28,60,13,30,27,22,29,18,21,10,36,43,13,9,12,9,16,16,21,12,25,21,10,19,35,44,31
2023,KW 36,20,32,26,55,13,13,47,40,33,26,39,24,28,16,21,30,10,17,9,42,41,8,14,10,21,15,24,36,16,17,15,14,23,28,41,27
2023,KW 37,25,31,30,31,26,12,61,39,17,23,55,22,31,26,14,24,17,21,13,42,41,16,12,8,19,13,31,31,16,24,37,17,17,53,42,23
2023,KW 38,19,20,33,28,12,14,41,38,24,33,51,14,27,23,21,34,9,16,13,27,39,12,9,8,17,7,26,25,23,30,18,12,22,33,37,23
2023,KW 39,21,38,27,34,23,10,61,35,25,28,47,23,26,12,19,33,16,26,9,42,36,19,12,6,18,4,31,20,17,28,22,12,23,29,51,18
2023,KW 40,23,36,36,35,30,15,55,40,28,40,48,24,32,24,12,28,15,16,8,38,26,9,17,13,19,9,26,42,13,28,23,26,21,34,45,29
2023,KW 41,31,22,30,44,27,15,53,31,30,23,50,18,34,20,11,20,13,17,9,38,40,11,10,14,20,6,16,42,18,33,16,20,20,37,50,21
2023,KW 42,29,30,27,52,27,11,46,53,30,36,57,22,38,22,15,25,6,16,16,43,48,20,16,12,20,13,29,46,13,25,26,17,27,47,45,20
2023,KW 43,23,45,43,54,29,18,65,49,25,43,58,15,30,16,14,33,8,29,16,25,48,19,12,21,26,6,31,33,16,27,25,27,25,37,43,32
2023,KW 44,21,29,41,37,23,18,62,48,28,35,59,21,27,18,19,33,15,21,13,35,37,18,10,12,13,6,19,28,15,21,19,16,27,40,42,39
2023,KW 45,27,37,40,50,20,20,59,45,24,32,57,22,31,26,14,34,11,25,16,37,30,13,8,20,21,8,31,35,21,37,20,15,29,43,47,31
2023,KW 46,31,32,41,40,24,18,55,56,29,32,55,17,38,27,18,40,12,23,9,39,49,13,9,13,24,11,34,37,24,34,26,29,25,43,40,24
2023,KW 47,25,36,36,44,22,18,63,46,29,32,48,23,28,22,19,43,14,29,14,42,39,21,15,12,24,7,38,38,23,31,37,12,30,44,61,29
2023,KW 48,30,29,39,44,20,21,62,50,28,27,57,19,29,20,13,41,10,26,13,43,50,17,6,22,20,10,37,32,21,28,31,26,22,39,62,33
2023,KW 49,32,30,38,47,30,19,64,58,33,29,75,32,31,35,18,27,14,19,13,50,53,10,12,16,23,10,29,41,22,27,37,21,30,50,45,45
2023,KW 50,34,41,49,48,27,20,73,46,28,32,49,27,33,35,24,27,16,27,12,37,37,17,14,19,15,7,33,33,22,26,37,25,44,45,54,33
2023,KW 51,31,40,39,43,31,19,71,48,32,38,50,29,33,33,23,39,10,26,8,46,40,16,16,18,15,8,37,40,22,30,33,26,30,37,58,25
2023,KW 52,33,35,48,35,28,27,49,56,26,44,51,25,28,25,16,44,13,30,15,43,38,21,18,11,24,16,38,37,20,40,26,27,34,32,53,26
